filename,lpips_score
resize_scale0.10.jpg,0.3770468831062317
resize_scale0.20.jpg,0.21652892231941223
resize_scale0.30.jpg,0.12394803017377853
resize_scale0.40.jpg,0.07716040313243866
resize_scale0.50.jpg,0.036362700164318085
resize_scale0.60.jpg,0.02905672788619995
resize_scale0.70.jpg,0.01965153031051159
resize_scale0.80.jpg,0.013207484036684036
resize_scale0.90.jpg,0.009683750569820404
resize_scale1.00.jpg,0.0
