filename,lpips_score
resize_scale0.10.jpg,0.37587183713912964
resize_scale0.20.jpg,0.17589515447616577
resize_scale0.30.jpg,0.08192401379346848
resize_scale0.40.jpg,0.04514465481042862
resize_scale0.50.jpg,0.01935565285384655
resize_scale0.60.jpg,0.013910472393035889
resize_scale0.70.jpg,0.00875528808683157
resize_scale0.80.jpg,0.0057015749625861645
resize_scale0.90.jpg,0.003965089563280344
resize_scale1.00.jpg,0.0
