filename,lpips_score
resize_scale0.10.jpg,0.4525602161884308
resize_scale0.20.jpg,0.18625828623771667
resize_scale0.30.jpg,0.08341154456138611
resize_scale0.40.jpg,0.04525555670261383
resize_scale0.50.jpg,0.020904626697301865
resize_scale0.60.jpg,0.01455286331474781
resize_scale0.70.jpg,0.009018749929964542
resize_scale0.80.jpg,0.006008952856063843
resize_scale0.90.jpg,0.0044311899691820145
resize_scale1.00.jpg,0.0
