filename,lpips_score
resize_scale0.10.jpg,0.5427314043045044
resize_scale0.20.jpg,0.281690776348114
resize_scale0.30.jpg,0.16131442785263062
resize_scale0.40.jpg,0.1084875762462616
resize_scale0.50.jpg,0.05502950772643089
resize_scale0.60.jpg,0.04257459565997124
resize_scale0.70.jpg,0.027209702879190445
resize_scale0.80.jpg,0.018711261451244354
resize_scale0.90.jpg,0.013661217875778675
resize_scale1.00.jpg,0.0
