filename,lpips_score
resize_scale0.10.jpg,0.26097628474235535
resize_scale0.20.jpg,0.12251070141792297
resize_scale0.30.jpg,0.0701749324798584
resize_scale0.40.jpg,0.044819459319114685
resize_scale0.50.jpg,0.020955173298716545
resize_scale0.60.jpg,0.016633260995149612
resize_scale0.70.jpg,0.010514401830732822
resize_scale0.80.jpg,0.006773284636437893
resize_scale0.90.jpg,0.0051142810843884945
resize_scale1.00.jpg,0.0
