filename,lpips_score
resize_scale0.10.jpg,0.3356321454048157
resize_scale0.20.jpg,0.15332011878490448
resize_scale0.30.jpg,0.06706033647060394
resize_scale0.40.jpg,0.036578644067049026
resize_scale0.50.jpg,0.0168427973985672
resize_scale0.60.jpg,0.01224546879529953
resize_scale0.70.jpg,0.0075895399786531925
resize_scale0.80.jpg,0.005220810417085886
resize_scale0.90.jpg,0.003584992839023471
resize_scale1.00.jpg,0.0
