filename,lpips_score
resize_scale0.10.jpg,0.22960039973258972
resize_scale0.20.jpg,0.08264340460300446
resize_scale0.30.jpg,0.040103018283843994
resize_scale0.40.jpg,0.021946599707007408
resize_scale0.50.jpg,0.010511490516364574
resize_scale0.60.jpg,0.008175334893167019
resize_scale0.70.jpg,0.0053130220621824265
resize_scale0.80.jpg,0.0036055194213986397
resize_scale0.90.jpg,0.0026181996800005436
resize_scale1.00.jpg,0.0
