filename,lpips_score
resize_scale0.10.jpg,0.29483142495155334
resize_scale0.20.jpg,0.15324851870536804
resize_scale0.30.jpg,0.08198507875204086
resize_scale0.40.jpg,0.04964889585971832
resize_scale0.50.jpg,0.023856380954384804
resize_scale0.60.jpg,0.01819774881005287
resize_scale0.70.jpg,0.011750124394893646
resize_scale0.80.jpg,0.007807820104062557
resize_scale0.90.jpg,0.005860231816768646
resize_scale1.00.jpg,0.0
