filename,lpips_score
resize_scale0.10.jpg,0.7166040539741516
resize_scale0.20.jpg,0.453051894903183
resize_scale0.30.jpg,0.2018883228302002
resize_scale0.40.jpg,0.10733972489833832
resize_scale0.50.jpg,0.04403379186987877
resize_scale0.60.jpg,0.03303337097167969
resize_scale0.70.jpg,0.019911397248506546
resize_scale0.80.jpg,0.013857442885637283
resize_scale0.90.jpg,0.009802053682506084
resize_scale1.00.jpg,0.0
