filename,lpips_score
resize_scale0.10.jpg,0.42983588576316833
resize_scale0.20.jpg,0.21328826248645782
resize_scale0.30.jpg,0.12411105632781982
resize_scale0.40.jpg,0.08397800475358963
resize_scale0.50.jpg,0.041661351919174194
resize_scale0.60.jpg,0.03258104622364044
resize_scale0.70.jpg,0.01988394372165203
resize_scale0.80.jpg,0.013402833603322506
resize_scale0.90.jpg,0.009883765131235123
resize_scale1.00.jpg,0.0
