filename,lpips_score
resize_scale0.10.jpg,0.2028418630361557
resize_scale0.20.jpg,0.08310216665267944
resize_scale0.30.jpg,0.03922908380627632
resize_scale0.40.jpg,0.020378895103931427
resize_scale0.50.jpg,0.008996750228106976
resize_scale0.60.jpg,0.006665149703621864
resize_scale0.70.jpg,0.004278734792023897
resize_scale0.80.jpg,0.002905159257352352
resize_scale0.90.jpg,0.0021061880979686975
resize_scale1.00.jpg,0.0
