filename,lpips_score
crop_ratio_0.40.jpg,0.6457878351211548
crop_ratio_0.50.jpg,0.5719218254089355
crop_ratio_0.60.jpg,0.5073044300079346
crop_ratio_0.70.jpg,0.435392826795578
crop_ratio_0.80.jpg,0.33238986134529114
crop_ratio_0.90.jpg,0.1979227364063263
crop_ratio_1.00.jpg,0.0
