filename,lpips_score
crop_ratio_0.40.jpg,0.6072748899459839
crop_ratio_0.50.jpg,0.5688798427581787
crop_ratio_0.60.jpg,0.5242413282394409
crop_ratio_0.70.jpg,0.4613937437534332
crop_ratio_0.80.jpg,0.3566688299179077
crop_ratio_0.90.jpg,0.18526655435562134
crop_ratio_1.00.jpg,0.0
