filename,lpips_score
rotate_0.jpg,0.0
rotate_2.jpg,0.06528570502996445
rotate_4.jpg,0.12379826605319977
