filename,lpips_score
rotate_0.jpg,0.0
rotate_2.jpg,0.07113683223724365
rotate_4.jpg,0.1187066063284874
