filename,lpips_score
rotate_0.jpg,0.0
rotate_2.jpg,0.10727986693382263
rotate_4.jpg,0.20229710638523102
