filename,lpips_score
rotate_0.jpg,0.0
rotate_2.jpg,0.07461389154195786
rotate_4.jpg,0.13531765341758728
