filename,lpips_score
rotate_0.jpg,0.0
rotate_2.jpg,0.06041526049375534
rotate_4.jpg,0.12198787927627563
