filename,lpips_score
rotate_0.jpg,0.0
rotate_2.jpg,0.07319314032793045
rotate_4.jpg,0.13803236186504364
