filename,lpips_score
rotate_0.jpg,0.0
rotate_2.jpg,0.09396321326494217
rotate_4.jpg,0.14484062790870667
