filename,lpips_score
rotate_0.jpg,0.0
rotate_2.jpg,0.04353939741849899
rotate_4.jpg,0.09081076830625534
rotate_6.jpg,0.1375088393688202
