filename,lpips_score
rotate_0.jpg,0.0
rotate_10.jpg,0.1969233602285385
rotate_2.jpg,0.03784029185771942
rotate_4.jpg,0.0749092623591423
rotate_6.jpg,0.11291276663541794
rotate_8.jpg,0.15015317499637604
