filename,lpips_score
rotate_0.jpg,0.0
rotate_10.jpg,0.218949094414711
rotate_2.jpg,0.034925464540719986
rotate_4.jpg,0.08010014146566391
rotate_6.jpg,0.1311921775341034
rotate_8.jpg,0.17372597754001617
