filename,lpips_score
rotate_0.jpg,0.0
rotate_2.jpg,0.047842372208833694
rotate_4.jpg,0.08865044265985489
