filename,lpips_score
rotate_0.jpg,0.0
rotate_2.jpg,0.0803123414516449
rotate_4.jpg,0.13754090666770935
