filename,lpips_score
rotate_0.jpg,0.0
rotate_10.jpg,0.26804977655410767
rotate_2.jpg,0.08163587749004364
rotate_4.jpg,0.13725247979164124
rotate_6.jpg,0.18367257714271545
rotate_8.jpg,0.22939345240592957
