filename,lpips_score
rotate_0.jpg,0.0
rotate_2.jpg,0.029658077284693718
rotate_4.jpg,0.06838813424110413
