filename,lpips_score
resize_scale0.10.jpg,0.003661941969767213
resize_scale0.20.jpg,0.00038576225051656365
resize_scale0.30.jpg,0.00018627062672749162
resize_scale0.40.jpg,0.00013393604604061693
resize_scale0.50.jpg,9.919532021740451e-05
resize_scale0.60.jpg,0.00010792021203087643
resize_scale0.70.jpg,0.0001022587894112803
resize_scale0.80.jpg,8.61332518979907e-05
resize_scale0.90.jpg,9.031254739966244e-05
resize_scale1.00.jpg,0.0
