filename,lpips_score
resize_scale0.10.jpg,0.012311721220612526
resize_scale0.20.jpg,0.0011138797271996737
resize_scale0.30.jpg,0.0002983835292980075
resize_scale0.40.jpg,0.00015890132635831833
resize_scale0.50.jpg,0.00010695421224227175
resize_scale0.60.jpg,9.743917325977236e-05
resize_scale0.70.jpg,8.40258871903643e-05
resize_scale0.80.jpg,7.475224992958829e-05
resize_scale0.90.jpg,6.868552009109408e-05
resize_scale1.00.jpg,0.0
