filename,lpips_score
resize_scale0.10.jpg,0.04645630717277527
resize_scale0.20.jpg,0.004567009396851063
resize_scale0.30.jpg,0.0012553331907838583
resize_scale0.40.jpg,0.00055407959735021
resize_scale0.50.jpg,0.00035718202707357705
resize_scale0.60.jpg,0.0002764765522442758
resize_scale0.70.jpg,0.0002362477534916252
resize_scale0.80.jpg,0.00020451066666282713
resize_scale0.90.jpg,0.0001963799586519599
resize_scale1.00.jpg,0.0
