filename,lpips_score
resize_scale0.10.jpg,0.018405254930257797
resize_scale0.20.jpg,0.0016490538837388158
resize_scale0.30.jpg,0.000426301994593814
resize_scale0.40.jpg,0.0002372778981225565
resize_scale0.50.jpg,0.00011289454414509237
resize_scale0.60.jpg,0.00012690332368947566
resize_scale0.70.jpg,0.00011267919035162777
resize_scale0.80.jpg,0.0001027980906656012
resize_scale0.90.jpg,9.877415868686512e-05
resize_scale1.00.jpg,0.0
