filename,lpips_score
resize_scale0.10.jpg,0.006509860511869192
resize_scale0.20.jpg,0.0005550100468099117
resize_scale0.30.jpg,0.0001798499870346859
resize_scale0.40.jpg,0.00010855721484404057
resize_scale0.50.jpg,0.00012212357250973582
resize_scale0.60.jpg,7.480116619262844e-05
resize_scale0.70.jpg,6.86637285980396e-05
resize_scale0.80.jpg,5.470203177537769e-05
resize_scale0.90.jpg,5.4543401347473264e-05
resize_scale1.00.jpg,0.0
