filename,lpips_score
resize_scale0.10.jpg,0.008939830586314201
resize_scale0.20.jpg,0.0008673965930938721
resize_scale0.30.jpg,0.00027613481506705284
resize_scale0.40.jpg,0.00015757331857457757
resize_scale0.50.jpg,0.00011841810191981494
resize_scale0.60.jpg,9.310712630394846e-05
resize_scale0.70.jpg,8.781502401689067e-05
resize_scale0.80.jpg,7.221345731522888e-05
resize_scale0.90.jpg,6.361392297549173e-05
resize_scale1.00.jpg,0.0
