filename,lpips_score
resize_scale0.10.jpg,0.022198669612407684
resize_scale0.20.jpg,0.002244226634502411
resize_scale0.30.jpg,0.0005971716018393636
resize_scale0.40.jpg,0.00029954896308481693
resize_scale0.50.jpg,0.00017288247181568295
resize_scale0.60.jpg,0.0001587818405823782
resize_scale0.70.jpg,0.00013560357911046594
resize_scale0.80.jpg,9.993207640945911e-05
resize_scale0.90.jpg,0.0001007212558761239
resize_scale1.00.jpg,0.0
