filename,lpips_score
resize_scale0.10.jpg,0.018498266115784645
resize_scale0.20.jpg,0.0016489698318764567
resize_scale0.30.jpg,0.0004824964271392673
resize_scale0.40.jpg,0.00025134196039289236
resize_scale0.50.jpg,0.00015884442836977541
resize_scale0.60.jpg,0.00013616090291179717
resize_scale0.70.jpg,0.00011404256656533107
resize_scale0.80.jpg,0.00011369848652975634
resize_scale0.90.jpg,0.0001154082638095133
resize_scale1.00.jpg,0.0
