filename,lpips_score
brightness_1.00.jpg,0.0
brightness_1.20.jpg,0.019807636737823486
brightness_1.40.jpg,0.0814407467842102
brightness_1.60.jpg,0.14500489830970764
brightness_1.80.jpg,0.1991293728351593
brightness_2.00.jpg,0.24508684873580933
brightness_2.20.jpg,0.28065669536590576
brightness_2.40.jpg,0.31349343061447144
brightness_2.60.jpg,0.3434204161167145
brightness_2.80.jpg,0.3729840815067291
brightness_3.00.jpg,0.4009898006916046
