filename,lpips_score
brightness_1.00.jpg,0.0
brightness_1.20.jpg,0.009532460011541843
brightness_1.40.jpg,0.029935361817479134
brightness_1.60.jpg,0.05568459630012512
brightness_1.80.jpg,0.08433549106121063
brightness_2.00.jpg,0.11368399113416672
brightness_2.20.jpg,0.14059680700302124
brightness_2.40.jpg,0.16795220971107483
brightness_2.60.jpg,0.1932678073644638
brightness_2.80.jpg,0.2178449034690857
brightness_3.00.jpg,0.24273638427257538
