filename,lpips_score
brightness_1.00.jpg,0.0
brightness_1.20.jpg,0.024876989424228668
brightness_1.40.jpg,0.07726659625768661
brightness_1.60.jpg,0.13622219860553741
brightness_1.80.jpg,0.18860386312007904
brightness_2.00.jpg,0.2340562343597412
brightness_2.20.jpg,0.2729077935218811
brightness_2.40.jpg,0.3090495467185974
brightness_2.60.jpg,0.3407548666000366
brightness_2.80.jpg,0.36958158016204834
brightness_3.00.jpg,0.3972855806350708
