filename,lpips_score
brightness_1.00.jpg,0.0
brightness_1.20.jpg,0.04052864387631416
brightness_1.40.jpg,0.19956961274147034
brightness_1.60.jpg,0.32641395926475525
brightness_1.80.jpg,0.4034537076950073
brightness_2.00.jpg,0.4616694748401642
brightness_2.20.jpg,0.5061162114143372
brightness_2.40.jpg,0.5335819721221924
brightness_2.60.jpg,0.5502905249595642
brightness_2.80.jpg,0.5667250752449036
brightness_3.00.jpg,0.5844919681549072
