filename,lpips_score
brightness_1.00.jpg,0.0
brightness_1.20.jpg,0.013820547610521317
brightness_1.40.jpg,0.05603513866662979
brightness_1.60.jpg,0.1006791889667511
brightness_1.80.jpg,0.13886480033397675
brightness_2.00.jpg,0.17760157585144043
brightness_2.20.jpg,0.21195366978645325
brightness_2.40.jpg,0.24701914191246033
brightness_2.60.jpg,0.2799263000488281
brightness_2.80.jpg,0.3088461458683014
brightness_3.00.jpg,0.335874080657959
