filename,lpips_score
brightness_1.00.jpg,0.0
brightness_1.20.jpg,0.02771829441189766
brightness_1.40.jpg,0.10996510088443756
brightness_1.60.jpg,0.19062919914722443
brightness_1.80.jpg,0.2572099566459656
brightness_2.00.jpg,0.3090999722480774
brightness_2.20.jpg,0.347516804933548
brightness_2.40.jpg,0.3824172616004944
brightness_2.60.jpg,0.4107417166233063
brightness_2.80.jpg,0.43552249670028687
brightness_3.00.jpg,0.4573620855808258
