filename,lpips_score
brightness_1.00.jpg,0.0
brightness_1.20.jpg,0.026968499645590782
brightness_1.40.jpg,0.09061401337385178
brightness_1.60.jpg,0.15665510296821594
brightness_1.80.jpg,0.214727520942688
brightness_2.00.jpg,0.26085084676742554
brightness_2.20.jpg,0.2973610758781433
brightness_2.40.jpg,0.3250811994075775
brightness_2.60.jpg,0.34786492586135864
brightness_2.80.jpg,0.36617904901504517
brightness_3.00.jpg,0.3812101483345032
