filename,lpips_score
brightness_1.00.jpg,0.0
brightness_1.20.jpg,0.013895317912101746
brightness_1.40.jpg,0.04224761947989464
brightness_1.60.jpg,0.07629746198654175
brightness_1.80.jpg,0.11164778470993042
brightness_2.00.jpg,0.14885260164737701
brightness_2.20.jpg,0.18321195244789124
brightness_2.40.jpg,0.21723252534866333
brightness_2.60.jpg,0.24808155000209808
brightness_2.80.jpg,0.2775864601135254
brightness_3.00.jpg,0.30958661437034607
