filename,lpips_score
brightness_1.00.jpg,0.0
brightness_1.20.jpg,0.05340588465332985
brightness_1.40.jpg,0.0827038586139679
brightness_1.60.jpg,0.10876286029815674
brightness_1.80.jpg,0.12783776223659515
brightness_2.00.jpg,0.1412058174610138
brightness_2.20.jpg,0.1506308764219284
brightness_2.40.jpg,0.15880145132541656
brightness_2.60.jpg,0.1657010316848755
brightness_2.80.jpg,0.1726827770471573
brightness_3.00.jpg,0.1793612241744995
