filename,lpips_score
brightness_1.00.jpg,0.0
brightness_1.20.jpg,0.0261926781386137
brightness_1.40.jpg,0.0926859974861145
brightness_1.60.jpg,0.13510280847549438
brightness_1.80.jpg,0.16765934228897095
brightness_2.00.jpg,0.19765672087669373
brightness_2.20.jpg,0.21990488469600677
brightness_2.40.jpg,0.24134764075279236
brightness_2.60.jpg,0.2632425129413605
brightness_2.80.jpg,0.2827044427394867
brightness_3.00.jpg,0.3008776307106018
