filename,lpips_score
brightness_1.00.jpg,0.0
brightness_1.20.jpg,0.030801434069871902
brightness_1.40.jpg,0.09000803530216217
brightness_1.60.jpg,0.14376436173915863
brightness_1.80.jpg,0.21008482575416565
brightness_2.00.jpg,0.2831282913684845
brightness_2.20.jpg,0.3500436246395111
brightness_2.40.jpg,0.40862947702407837
brightness_2.60.jpg,0.45498257875442505
brightness_2.80.jpg,0.49405696988105774
brightness_3.00.jpg,0.5228843688964844
