filename,lpips_score
brightness_1.00.jpg,0.0
brightness_1.20.jpg,0.10300442576408386
brightness_1.40.jpg,0.23439280688762665
brightness_1.60.jpg,0.3155401349067688
brightness_1.80.jpg,0.3735480308532715
brightness_2.00.jpg,0.4256543517112732
brightness_2.20.jpg,0.46906721591949463
brightness_2.40.jpg,0.4996168613433838
brightness_2.60.jpg,0.5252448320388794
brightness_2.80.jpg,0.5446385145187378
brightness_3.00.jpg,0.5551761388778687
