filename,lpips_score
brightness_1.00.jpg,0.0
brightness_1.20.jpg,0.025709660723805428
brightness_1.40.jpg,0.08868840336799622
brightness_1.60.jpg,0.21902036666870117
brightness_1.80.jpg,0.3869849145412445
brightness_2.00.jpg,0.5096210837364197
brightness_2.20.jpg,0.583878755569458
brightness_2.40.jpg,0.6362892389297485
brightness_2.60.jpg,0.6709771156311035
brightness_2.80.jpg,0.6953656673431396
brightness_3.00.jpg,0.7141933441162109
