filename,lpips_score
brightness_1.00.jpg,0.0
brightness_1.20.jpg,0.018914394080638885
brightness_1.40.jpg,0.0646907240152359
brightness_1.60.jpg,0.11027976870536804
brightness_1.80.jpg,0.15361252427101135
brightness_2.00.jpg,0.19109444320201874
brightness_2.20.jpg,0.22193865478038788
brightness_2.40.jpg,0.24964305758476257
brightness_2.60.jpg,0.2733650803565979
brightness_2.80.jpg,0.29454338550567627
brightness_3.00.jpg,0.3127132058143616
