filename,lpips_score
brightness_1.00.jpg,0.0
brightness_1.20.jpg,0.02209419570863247
brightness_1.40.jpg,0.09795138984918594
brightness_1.60.jpg,0.18507519364356995
brightness_1.80.jpg,0.24448923766613007
brightness_2.00.jpg,0.2783658802509308
brightness_2.20.jpg,0.3038109540939331
brightness_2.40.jpg,0.3217647671699524
brightness_2.60.jpg,0.3347235321998596
brightness_2.80.jpg,0.3459058105945587
brightness_3.00.jpg,0.3571527302265167
