filename,lpips_score
gaussian_std0.jpg,0.0
gaussian_std10.jpg,0.04540025070309639
gaussian_std15.jpg,0.09806299209594727
gaussian_std20.jpg,0.14870627224445343
gaussian_std25.jpg,0.19809575378894806
gaussian_std30.jpg,0.24072974920272827
gaussian_std35.jpg,0.2888067662715912
gaussian_std40.jpg,0.32478854060173035
gaussian_std45.jpg,0.36423248052597046
gaussian_std5.jpg,0.00831093080341816
gaussian_std50.jpg,0.4028758406639099
