filename,lpips_score
gaussian_std0.jpg,0.0
gaussian_std10.jpg,0.01796683855354786
gaussian_std15.jpg,0.048388268798589706
gaussian_std20.jpg,0.09489602595567703
gaussian_std25.jpg,0.14470168948173523
gaussian_std30.jpg,0.20526272058486938
gaussian_std35.jpg,0.2593514919281006
gaussian_std40.jpg,0.31259822845458984
gaussian_std45.jpg,0.3571438491344452
gaussian_std5.jpg,0.0032118046656250954
gaussian_std50.jpg,0.4238906502723694
