filename,lpips_score
gaussian_std0.jpg,0.0
gaussian_std10.jpg,0.0018194372532889247
gaussian_std15.jpg,0.003941793460398912
gaussian_std20.jpg,0.006770656444132328
gaussian_std25.jpg,0.012378614395856857
gaussian_std30.jpg,0.02107277512550354
gaussian_std35.jpg,0.028866175562143326
gaussian_std40.jpg,0.04324609041213989
gaussian_std45.jpg,0.050149090588092804
gaussian_std5.jpg,0.0005235421704128385
gaussian_std50.jpg,0.07134021818637848
