filename,lpips_score
gaussian_std0.jpg,6.524123045460479e-17
gaussian_std10.jpg,0.05440152436494827
gaussian_std15.jpg,0.10747742652893066
gaussian_std20.jpg,0.16615472733974457
gaussian_std25.jpg,0.21493187546730042
gaussian_std30.jpg,0.2630085051059723
gaussian_std35.jpg,0.3095671236515045
gaussian_std40.jpg,0.34912344813346863
gaussian_std45.jpg,0.3833998739719391
gaussian_std5.jpg,0.012159997597336769
gaussian_std50.jpg,0.4178032875061035
