filename,lpips_score
gaussian_std0.jpg,0.0
gaussian_std10.jpg,0.002748459344729781
gaussian_std15.jpg,0.007334429305046797
gaussian_std20.jpg,0.014179826714098454
gaussian_std25.jpg,0.021492579951882362
gaussian_std30.jpg,0.03400355204939842
gaussian_std35.jpg,0.04746507853269577
gaussian_std40.jpg,0.062400467693805695
gaussian_std45.jpg,0.08423483371734619
gaussian_std5.jpg,0.0008412214228883386
gaussian_std50.jpg,0.09619493037462234
