filename,lpips_score
gaussian_std0.jpg,0.0
gaussian_std10.jpg,0.06740425527095795
gaussian_std15.jpg,0.13133454322814941
gaussian_std20.jpg,0.18910746276378632
gaussian_std25.jpg,0.2429983764886856
gaussian_std30.jpg,0.28822752833366394
gaussian_std35.jpg,0.3289479613304138
gaussian_std40.jpg,0.3698463439941406
gaussian_std45.jpg,0.40803608298301697
gaussian_std5.jpg,0.013234913349151611
gaussian_std50.jpg,0.4330589473247528
