filename,lpips_score
gaussian_std0.jpg,0.0
gaussian_std10.jpg,0.0003147676179651171
gaussian_std15.jpg,0.0006126807420514524
gaussian_std20.jpg,0.0011293318821117282
gaussian_std25.jpg,0.0018304148688912392
gaussian_std30.jpg,0.0030051376670598984
gaussian_std35.jpg,0.004452136345207691
gaussian_std5.jpg,0.00015905049804132432
