filename,lpips_score
gaussian_std0.jpg,0.0
gaussian_std10.jpg,0.0004278519481886178
gaussian_std15.jpg,0.0009603515500202775
gaussian_std20.jpg,0.0016938894987106323
gaussian_std25.jpg,0.0027885036543011665
gaussian_std30.jpg,0.0038194761145859957
gaussian_std35.jpg,0.005285907071083784
gaussian_std5.jpg,0.00011814071331173182
