filename,lpips_score
overlay_alpha0.00.jpg,0.0
overlay_alpha0.10.jpg,0.019975529983639717
overlay_alpha0.20.jpg,0.06953931599855423
overlay_alpha0.30.jpg,0.12497403472661972
overlay_alpha0.40.jpg,0.19073523581027985
overlay_alpha0.50.jpg,0.26828521490097046
