filename,lpips_score
overlay_alpha0.00.jpg,0.0
overlay_alpha0.10.jpg,0.051826439797878265
overlay_alpha0.20.jpg,0.19722412526607513
overlay_alpha0.30.jpg,0.30856209993362427
overlay_alpha0.40.jpg,0.3945949971675873
overlay_alpha0.50.jpg,0.4774762988090515
