filename,lpips_score
overlay_alpha0.00.jpg,0.0
overlay_alpha0.10.jpg,0.053116511553525925
overlay_alpha0.20.jpg,0.12959259748458862
overlay_alpha0.30.jpg,0.20078766345977783
overlay_alpha0.40.jpg,0.2723894715309143
overlay_alpha0.50.jpg,0.35097959637641907
