filename,lpips_score
overlay_alpha0.00.jpg,0.0
overlay_alpha0.10.jpg,0.07337062805891037
overlay_alpha0.20.jpg,0.15834811329841614
overlay_alpha0.30.jpg,0.22251906991004944
overlay_alpha0.40.jpg,0.2956809997558594
overlay_alpha0.50.jpg,0.37635502219200134
