filename,lpips_score
overlay_alpha0.00.jpg,0.0
overlay_alpha0.10.jpg,0.038970038294792175
overlay_alpha0.20.jpg,0.1064833253622055
overlay_alpha0.30.jpg,0.18083679676055908
overlay_alpha0.40.jpg,0.2502945065498352
overlay_alpha0.50.jpg,0.3262083828449249
