filename,lpips_score
overlay_alpha0.00.jpg,0.0
overlay_alpha0.10.jpg,0.015023588202893734
overlay_alpha0.20.jpg,0.05489308759570122
overlay_alpha0.30.jpg,0.10991969704627991
overlay_alpha0.40.jpg,0.1764146387577057
overlay_alpha0.50.jpg,0.2600517272949219
