filename,lpips_score
overlay_alpha0.00.jpg,0.0
overlay_alpha0.10.jpg,0.010235329158604145
overlay_alpha0.20.jpg,0.041524022817611694
overlay_alpha0.30.jpg,0.09143807739019394
overlay_alpha0.40.jpg,0.15439625084400177
overlay_alpha0.50.jpg,0.23782649636268616
