filename,lpips_score
overlay_alpha0.00.jpg,0.0
overlay_alpha0.10.jpg,0.07178906351327896
overlay_alpha0.20.jpg,0.17690302431583405
overlay_alpha0.30.jpg,0.2609219551086426
overlay_alpha0.40.jpg,0.34164589643478394
overlay_alpha0.50.jpg,0.42371052503585815
