filename,lpips_score
overlay_alpha0.00.jpg,0.0
overlay_alpha0.10.jpg,0.039548154920339584
overlay_alpha0.20.jpg,0.0891738086938858
overlay_alpha0.30.jpg,0.12442856281995773
overlay_alpha0.40.jpg,0.15761619806289673
overlay_alpha0.50.jpg,0.1992626190185547
