filename,lpips_score
overlay_alpha0.00.jpg,0.0
overlay_alpha0.10.jpg,0.03334377706050873
overlay_alpha0.20.jpg,0.08765372633934021
overlay_alpha0.30.jpg,0.14616179466247559
overlay_alpha0.40.jpg,0.21341319382190704
overlay_alpha0.50.jpg,0.2788163721561432
