filename,lpips_score
overlay_alpha0.00.jpg,0.0
overlay_alpha0.10.jpg,0.032751426100730896
overlay_alpha0.20.jpg,0.09524907171726227
overlay_alpha0.30.jpg,0.1593291163444519
overlay_alpha0.40.jpg,0.22808659076690674
overlay_alpha0.50.jpg,0.31152889132499695
