filename,lpips_score
overlay_alpha0.00.jpg,0.0
overlay_alpha0.10.jpg,0.03056444600224495
overlay_alpha0.20.jpg,0.10696643590927124
overlay_alpha0.30.jpg,0.16490516066551208
overlay_alpha0.40.jpg,0.22089704871177673
overlay_alpha0.50.jpg,0.2817479372024536
