filename,lpips_score
overlay_alpha0.00.jpg,0.0
overlay_alpha0.10.jpg,0.04105861857533455
overlay_alpha0.20.jpg,0.1215323805809021
overlay_alpha0.30.jpg,0.19125275313854218
overlay_alpha0.40.jpg,0.26284757256507874
overlay_alpha0.50.jpg,0.33825019001960754
