filename,lpips_score
overlay_alpha0.00.jpg,0.0
overlay_alpha0.10.jpg,0.06380723416805267
overlay_alpha0.20.jpg,0.13255654275417328
overlay_alpha0.30.jpg,0.1930755078792572
overlay_alpha0.40.jpg,0.25062283873558044
overlay_alpha0.50.jpg,0.31678277254104614
