filename,lpips_score
overlay_alpha0.00.jpg,0.0
overlay_alpha0.10.jpg,0.011720756068825722
overlay_alpha0.20.jpg,0.04571792110800743
overlay_alpha0.30.jpg,0.0995403379201889
overlay_alpha0.40.jpg,0.16553905606269836
overlay_alpha0.50.jpg,0.24572309851646423
