filename,lpips_score
gaussian_std0.jpg,0.0
gaussian_std10.jpg,0.00031821883749216795
gaussian_std15.jpg,0.0005529996124096215
gaussian_std20.jpg,0.0009986018994823098
gaussian_std25.jpg,0.0018989979289472103
gaussian_std30.jpg,0.003034813329577446
gaussian_std35.jpg,0.004264996387064457
gaussian_std5.jpg,0.0001718227576930076
