filename,lpips_score
gaussian_std0.jpg,0.0
gaussian_std10.jpg,0.001432000077329576
gaussian_std15.jpg,0.0031205974519252777
gaussian_std20.jpg,0.006306061055511236
gaussian_std25.jpg,0.01122460886836052
gaussian_std30.jpg,0.01778743416070938
gaussian_std35.jpg,0.026933424174785614
gaussian_std5.jpg,0.0006070226663723588
