filename,lpips_score
gaussian_std0.jpg,0.0
gaussian_std10.jpg,0.0005833894829265773
gaussian_std15.jpg,0.0016448579262942076
gaussian_std20.jpg,0.0035637004766613245
gaussian_std25.jpg,0.006819876376539469
gaussian_std30.jpg,0.010831449180841446
gaussian_std35.jpg,0.015509579330682755
gaussian_std5.jpg,0.00019009409879799932
