filename,lpips_score
crop_ratio_0.40.jpg,0.6167102456092834
crop_ratio_0.50.jpg,0.5775803327560425
crop_ratio_0.60.jpg,0.5456907153129578
crop_ratio_0.70.jpg,0.49064895510673523
crop_ratio_0.80.jpg,0.38687974214553833
crop_ratio_0.90.jpg,0.23171553015708923
crop_ratio_1.00.jpg,0.0
