filename,lpips_score
crop_ratio_0.40.jpg,0.39272812008857727
crop_ratio_0.50.jpg,0.3412698805332184
crop_ratio_0.60.jpg,0.29292505979537964
crop_ratio_0.70.jpg,0.24762235581874847
crop_ratio_0.80.jpg,0.1877797394990921
crop_ratio_0.90.jpg,0.10835087299346924
crop_ratio_1.00.jpg,0.0
