filename,lpips_score
crop_ratio_0.40.jpg,0.6524092555046082
crop_ratio_0.50.jpg,0.5898702144622803
crop_ratio_0.60.jpg,0.5145869255065918
crop_ratio_0.70.jpg,0.42298436164855957
crop_ratio_0.80.jpg,0.3156503438949585
crop_ratio_0.90.jpg,0.17993150651454926
crop_ratio_1.00.jpg,0.0
