filename,lpips_score
mask_frac0.jpg,0.0
mask_frac10.jpg,0.13325439393520355
mask_frac20.jpg,0.22793036699295044
mask_frac30.jpg,0.3391450345516205
mask_frac40.jpg,0.4797692894935608
mask_frac50.jpg,0.5865885019302368
mask_frac60.jpg,0.6795163154602051
mask_frac70.jpg,0.7611031532287598
mask_frac80.jpg,0.8202717304229736
