filename,lpips_score
mask_frac0.jpg,0.0
mask_frac10.jpg,0.11609452217817307
mask_frac20.jpg,0.20508675277233124
mask_frac30.jpg,0.31037071347236633
mask_frac40.jpg,0.42663151025772095
mask_frac50.jpg,0.505836546421051
mask_frac60.jpg,0.5873603820800781
mask_frac70.jpg,0.6351331472396851
mask_frac80.jpg,0.6726372241973877
