filename,lpips_score
mask_frac0.jpg,0.0
mask_frac10.jpg,0.12706534564495087
mask_frac20.jpg,0.263747900724411
mask_frac30.jpg,0.36408519744873047
mask_frac40.jpg,0.48732924461364746
mask_frac50.jpg,0.593363344669342
mask_frac60.jpg,0.6995133757591248
mask_frac70.jpg,0.7714334726333618
mask_frac80.jpg,0.8401155471801758
