filename,lpips_score
mask_frac0.jpg,0.0
mask_frac10.jpg,0.19445204734802246
mask_frac20.jpg,0.33152538537979126
mask_frac30.jpg,0.45728322863578796
mask_frac40.jpg,0.5745489001274109
mask_frac50.jpg,0.6753071546554565
mask_frac60.jpg,0.76214998960495
mask_frac70.jpg,0.8267465233802795
mask_frac80.jpg,0.8805208802223206
