filename,lpips_score
mask_frac0.jpg,0.0
mask_frac10.jpg,0.12538985908031464
mask_frac20.jpg,0.22191429138183594
mask_frac30.jpg,0.3315427303314209
mask_frac40.jpg,0.4925420880317688
mask_frac50.jpg,0.6024327278137207
mask_frac60.jpg,0.6983871459960938
mask_frac70.jpg,0.7590993642807007
mask_frac80.jpg,0.8003279566764832
