filename,lpips_score
mask_frac0.jpg,0.0
mask_frac10.jpg,0.12452653050422668
mask_frac20.jpg,0.2340763509273529
mask_frac30.jpg,0.333710640668869
mask_frac40.jpg,0.4536163806915283
mask_frac50.jpg,0.5642603635787964
mask_frac60.jpg,0.6656811237335205
mask_frac70.jpg,0.7605215907096863
mask_frac80.jpg,0.8240570425987244
