filename,lpips_score
mask_frac0.jpg,0.0
mask_frac10.jpg,0.12318801879882812
mask_frac20.jpg,0.2139744907617569
mask_frac30.jpg,0.32083162665367126
mask_frac40.jpg,0.44706445932388306
mask_frac50.jpg,0.5388022065162659
mask_frac60.jpg,0.6465648412704468
mask_frac70.jpg,0.7088779807090759
mask_frac80.jpg,0.7706207633018494
