filename,lpips_score
mask_frac0.jpg,0.0
mask_frac10.jpg,0.1462409943342209
mask_frac20.jpg,0.24500806629657745
mask_frac30.jpg,0.34918516874313354
mask_frac40.jpg,0.4506399631500244
mask_frac50.jpg,0.5305514931678772
mask_frac60.jpg,0.6290087699890137
mask_frac70.jpg,0.7010178565979004
mask_frac80.jpg,0.7473803758621216
