filename,lpips_score
mask_frac0.jpg,0.0
mask_frac10.jpg,0.17950142920017242
mask_frac20.jpg,0.33584412932395935
mask_frac30.jpg,0.4673241376876831
mask_frac40.jpg,0.5900178551673889
mask_frac50.jpg,0.6814485192298889
mask_frac60.jpg,0.7625796794891357
mask_frac70.jpg,0.8242980241775513
mask_frac80.jpg,0.8918941020965576
