filename,lpips_score
mask_frac0.jpg,0.0
mask_frac10.jpg,0.11374367028474808
mask_frac20.jpg,0.1948203146457672
mask_frac30.jpg,0.3078571557998657
mask_frac40.jpg,0.4833020567893982
mask_frac50.jpg,0.6061306595802307
mask_frac60.jpg,0.7049174904823303
mask_frac70.jpg,0.7625491619110107
mask_frac80.jpg,0.8194122910499573
