filename,lpips_score
mask_frac0.jpg,0.0
mask_frac10.jpg,0.1270892322063446
mask_frac20.jpg,0.3001687228679657
mask_frac30.jpg,0.45106786489486694
mask_frac40.jpg,0.5900194644927979
mask_frac50.jpg,0.7050668597221375
mask_frac60.jpg,0.7856398820877075
mask_frac70.jpg,0.8500993847846985
mask_frac80.jpg,0.9127936959266663
