filename,lpips_score
mask_frac0.jpg,0.0
mask_frac10.jpg,0.22353532910346985
mask_frac20.jpg,0.3630801737308502
mask_frac30.jpg,0.4775383770465851
mask_frac40.jpg,0.6008684039115906
mask_frac50.jpg,0.687673807144165
mask_frac60.jpg,0.7779052257537842
mask_frac70.jpg,0.8327826857566833
mask_frac80.jpg,0.881942629814148
