filename,lpips_score
mask_frac0.jpg,0.0
mask_frac10.jpg,0.2162722945213318
mask_frac20.jpg,0.3659363389015198
mask_frac30.jpg,0.5027275681495667
mask_frac40.jpg,0.6314165592193604
mask_frac50.jpg,0.754501461982727
mask_frac60.jpg,0.8496666550636292
mask_frac70.jpg,0.9188919067382812
mask_frac80.jpg,0.9868849515914917
