filename,lpips_score
mask_frac0.jpg,0.0
mask_frac10.jpg,0.1148018091917038
mask_frac20.jpg,0.23842154443264008
mask_frac30.jpg,0.3581360876560211
mask_frac40.jpg,0.47003212571144104
mask_frac50.jpg,0.5627281069755554
mask_frac60.jpg,0.6691902279853821
mask_frac70.jpg,0.7342642545700073
mask_frac80.jpg,0.7954893112182617
