filename,lpips_score
mask_frac0.jpg,0.0
mask_frac10.jpg,0.12717153131961823
mask_frac20.jpg,0.26963087916374207
mask_frac30.jpg,0.4042820334434509
mask_frac40.jpg,0.5393876433372498
mask_frac50.jpg,0.6361276507377625
mask_frac60.jpg,0.7105554938316345
mask_frac70.jpg,0.7490066885948181
mask_frac80.jpg,0.7912828922271729
