filename,lpips_score
crop_ratio_0.40.jpg,0.5783847570419312
crop_ratio_0.50.jpg,0.5523338317871094
crop_ratio_0.60.jpg,0.5056692361831665
crop_ratio_0.70.jpg,0.4358094036579132
crop_ratio_0.80.jpg,0.3297448456287384
crop_ratio_0.90.jpg,0.18679094314575195
crop_ratio_1.00.jpg,0.0
