filename,lpips_score
crop_ratio_0.40.jpg,0.5935027599334717
crop_ratio_0.50.jpg,0.5118863582611084
crop_ratio_0.60.jpg,0.4403131306171417
crop_ratio_0.70.jpg,0.3437526822090149
crop_ratio_0.80.jpg,0.24167759716510773
crop_ratio_0.90.jpg,0.1095331609249115
crop_ratio_1.00.jpg,0.0
