filename,lpips_score
crop_ratio_0.40.jpg,0.37811505794525146
crop_ratio_0.50.jpg,0.3308216333389282
crop_ratio_0.60.jpg,0.3026887774467468
crop_ratio_0.70.jpg,0.2665160000324249
crop_ratio_0.80.jpg,0.22172588109970093
crop_ratio_0.90.jpg,0.12895122170448303
crop_ratio_1.00.jpg,0.0
