filename,lpips_score
brightness_1.00.jpg,0.0
brightness_1.20.jpg,0.018898453563451767
brightness_1.40.jpg,0.08058302104473114
brightness_1.60.jpg,0.1425943672657013
brightness_1.80.jpg,0.1981600522994995
brightness_2.00.jpg,0.24946197867393494
