filename,lpips_score
brightness_1.00.jpg,0.0
brightness_1.20.jpg,0.008625049144029617
brightness_1.40.jpg,0.02830146625638008
brightness_1.60.jpg,0.05183848366141319
brightness_1.80.jpg,0.07632303982973099
brightness_2.00.jpg,0.100868359208107
