filename,lpips_score
brightness_1.00.jpg,0.0
brightness_1.20.jpg,0.024146856740117073
brightness_1.40.jpg,0.07358354330062866
brightness_1.60.jpg,0.12528343498706818
brightness_1.80.jpg,0.1719767153263092
brightness_2.00.jpg,0.21226616203784943
