filename,lpips_score
brightness_1.00.jpg,0.0
brightness_1.20.jpg,0.03260907530784607
brightness_1.40.jpg,0.1603827178478241
brightness_1.60.jpg,0.2834891080856323
brightness_1.80.jpg,0.3777396082878113
brightness_2.00.jpg,0.4402952492237091
