filename,lpips_score
brightness_1.00.jpg,0.0
brightness_1.20.jpg,0.014133346267044544
brightness_1.40.jpg,0.05695004016160965
brightness_1.60.jpg,0.1040324941277504
brightness_1.80.jpg,0.14026352763175964
brightness_2.00.jpg,0.17306914925575256
