filename,lpips_score
brightness_1.00.jpg,0.0
brightness_1.20.jpg,0.024850735440850258
brightness_1.40.jpg,0.0978596955537796
brightness_1.60.jpg,0.16636379063129425
brightness_1.80.jpg,0.22608286142349243
brightness_2.00.jpg,0.2753458619117737
