filename,lpips_score
brightness_1.00.jpg,0.0
brightness_1.20.jpg,0.02765471488237381
brightness_1.40.jpg,0.07810670137405396
brightness_1.60.jpg,0.11661778390407562
brightness_1.80.jpg,0.1432572901248932
brightness_2.00.jpg,0.1668214201927185
