filename,lpips_score
brightness_1.00.jpg,0.0
brightness_1.20.jpg,0.02596554532647133
brightness_1.40.jpg,0.0963183119893074
brightness_1.60.jpg,0.14451056718826294
brightness_1.80.jpg,0.19368578493595123
brightness_2.00.jpg,0.2476503849029541
