filename,lpips_score
brightness_1.00.jpg,0.0
brightness_1.20.jpg,0.08939575403928757
brightness_1.40.jpg,0.21949659287929535
brightness_1.60.jpg,0.29954928159713745
brightness_1.80.jpg,0.3599453270435333
brightness_2.00.jpg,0.4018533229827881
