filename,lpips_score
brightness_1.00.jpg,0.0
brightness_1.20.jpg,0.031989797949790955
brightness_1.40.jpg,0.08902999758720398
brightness_1.60.jpg,0.14454591274261475
brightness_1.80.jpg,0.17947250604629517
brightness_2.00.jpg,0.20355728268623352
