filename,lpips_score
brightness_1.00.jpg,0.0
brightness_1.20.jpg,0.01776888407766819
brightness_1.40.jpg,0.08767062425613403
brightness_1.60.jpg,0.1688990443944931
brightness_1.80.jpg,0.22751790285110474
brightness_2.00.jpg,0.2724246084690094
