filename,lpips_score
crop_ratio_0.40.jpg,0.6201286911964417
crop_ratio_0.50.jpg,0.5667328834533691
crop_ratio_0.60.jpg,0.5240719318389893
crop_ratio_0.70.jpg,0.4590038061141968
crop_ratio_0.80.jpg,0.3553749918937683
crop_ratio_0.90.jpg,0.18841224908828735
crop_ratio_1.00.jpg,0.0
