filename,lpips_score
crop_ratio_0.40.jpg,0.5799576640129089
crop_ratio_0.50.jpg,0.557533860206604
crop_ratio_0.60.jpg,0.5001577138900757
crop_ratio_0.70.jpg,0.3922087550163269
crop_ratio_0.80.jpg,0.26280203461647034
crop_ratio_0.90.jpg,0.1117168664932251
crop_ratio_1.00.jpg,0.0
