filename,lpips_score
overlay_alpha0.00.jpg,0.0
overlay_alpha0.10.jpg,0.06608378887176514
overlay_alpha0.20.jpg,0.151645690202713
overlay_alpha0.30.jpg,0.22639232873916626
overlay_alpha0.40.jpg,0.30491116642951965
overlay_alpha0.50.jpg,0.38304823637008667
overlay_alpha0.60.jpg,0.47231239080429077
overlay_alpha0.70.jpg,0.5734575986862183
overlay_alpha0.80.jpg,0.6782360076904297
overlay_alpha0.90.jpg,0.7902305722236633
overlay_alpha1.00.jpg,0.8877750635147095
