filename,lpips_score
overlay_alpha0.00.jpg,0.0
overlay_alpha0.10.jpg,0.05557940527796745
overlay_alpha0.20.jpg,0.19269098341464996
overlay_alpha0.30.jpg,0.2989538908004761
overlay_alpha0.40.jpg,0.3854725956916809
overlay_alpha0.50.jpg,0.4704645574092865
overlay_alpha0.60.jpg,0.5576381087303162
overlay_alpha0.70.jpg,0.6544705629348755
overlay_alpha0.80.jpg,0.7571445107460022
overlay_alpha0.90.jpg,0.8633276224136353
overlay_alpha1.00.jpg,0.9375303387641907
