filename,lpips_score
overlay_alpha0.00.jpg,0.0
overlay_alpha0.10.jpg,0.08449120819568634
overlay_alpha0.20.jpg,0.2012428194284439
overlay_alpha0.30.jpg,0.29488933086395264
overlay_alpha0.40.jpg,0.38628053665161133
overlay_alpha0.50.jpg,0.4719855487346649
overlay_alpha0.60.jpg,0.5561457872390747
overlay_alpha0.70.jpg,0.6520073413848877
overlay_alpha0.80.jpg,0.7599343657493591
overlay_alpha0.90.jpg,0.8674489855766296
overlay_alpha1.00.jpg,0.9483322501182556
