filename,lpips_score
overlay_alpha0.00.jpg,0.0
overlay_alpha0.10.jpg,0.04847356677055359
overlay_alpha0.20.jpg,0.0955018401145935
overlay_alpha0.30.jpg,0.13150036334991455
overlay_alpha0.40.jpg,0.1662673056125641
overlay_alpha0.50.jpg,0.20791727304458618
overlay_alpha0.60.jpg,0.25390225648880005
overlay_alpha0.70.jpg,0.3096807599067688
overlay_alpha0.80.jpg,0.38610151410102844
overlay_alpha0.90.jpg,0.4813581109046936
overlay_alpha1.00.jpg,0.565929651260376
