filename,lpips_score
overlay_alpha0.00.jpg,0.0
overlay_alpha0.10.jpg,0.06856302171945572
overlay_alpha0.20.jpg,0.13386230170726776
overlay_alpha0.30.jpg,0.19019845128059387
overlay_alpha0.40.jpg,0.24365845322608948
overlay_alpha0.50.jpg,0.3063308894634247
overlay_alpha0.60.jpg,0.37802374362945557
overlay_alpha0.70.jpg,0.4597305953502655
overlay_alpha0.80.jpg,0.5489961504936218
overlay_alpha0.90.jpg,0.6561914086341858
overlay_alpha1.00.jpg,0.7614728808403015
