filename,lpips_score
overlay_alpha0.00.jpg,0.0
overlay_alpha0.10.jpg,0.012222758494317532
overlay_alpha0.20.jpg,0.04721010476350784
overlay_alpha0.30.jpg,0.10007862746715546
overlay_alpha0.40.jpg,0.1694953441619873
overlay_alpha0.50.jpg,0.2578102946281433
overlay_alpha0.60.jpg,0.3632357120513916
overlay_alpha0.70.jpg,0.4902217388153076
overlay_alpha0.80.jpg,0.632445216178894
overlay_alpha0.90.jpg,0.7676879167556763
overlay_alpha1.00.jpg,0.8804495334625244
