filename,lpips_score
brightness_0.20.jpg,0.3571174740791321
brightness_0.40.jpg,0.15748393535614014
brightness_0.60.jpg,0.07416221499443054
brightness_0.80.jpg,0.020688515156507492
brightness_1.00.jpg,0.0
