filename,lpips_score
brightness_0.20.jpg,0.4318317174911499
brightness_0.40.jpg,0.21574947237968445
brightness_0.60.jpg,0.09583818912506104
brightness_0.80.jpg,0.02354830875992775
brightness_1.00.jpg,0.0
