filename,lpips_score
brightness_0.20.jpg,0.3400040566921234
brightness_0.40.jpg,0.14731355011463165
brightness_0.60.jpg,0.05479149892926216
brightness_0.80.jpg,0.011938484385609627
brightness_1.00.jpg,0.0
