filename,lpips_score
brightness_0.20.jpg,0.5248043537139893
brightness_0.40.jpg,0.24057413637638092
brightness_0.60.jpg,0.1115490049123764
brightness_0.80.jpg,0.03483289107680321
brightness_1.00.jpg,0.0
