filename,lpips_score
brightness_0.20.jpg,0.371513307094574
brightness_0.40.jpg,0.16163364052772522
brightness_0.60.jpg,0.06950075179338455
brightness_0.80.jpg,0.019404185935854912
brightness_1.00.jpg,0.0
