filename,lpips_score
brightness_0.20.jpg,0.322228342294693
brightness_0.40.jpg,0.14817482233047485
brightness_0.60.jpg,0.07462029159069061
brightness_0.80.jpg,0.0204379353672266
brightness_1.00.jpg,0.0
