filename,lpips_score
brightness_0.20.jpg,0.3836926221847534
brightness_0.40.jpg,0.19556143879890442
brightness_0.60.jpg,0.09532365202903748
brightness_0.80.jpg,0.024794060736894608
brightness_1.00.jpg,0.0
