filename,lpips_score
brightness_0.20.jpg,0.43155932426452637
brightness_0.40.jpg,0.32993975281715393
brightness_0.60.jpg,0.19776980578899384
brightness_0.80.jpg,0.06129121035337448
brightness_1.00.jpg,0.0
