filename,lpips_score
brightness_0.20.jpg,0.47579923272132874
brightness_0.40.jpg,0.2216496765613556
brightness_0.60.jpg,0.10245071351528168
brightness_0.80.jpg,0.032472338527441025
brightness_1.00.jpg,0.0
