filename,lpips_score
brightness_0.20.jpg,0.47560960054397583
brightness_0.40.jpg,0.2574120759963989
brightness_0.60.jpg,0.13232934474945068
brightness_0.80.jpg,0.04567541182041168
brightness_1.00.jpg,0.0
