filename,lpips_score
brightness_0.20.jpg,0.5403925180435181
brightness_0.40.jpg,0.21564574539661407
brightness_0.60.jpg,0.11153072118759155
brightness_0.80.jpg,0.034178685396909714
brightness_1.00.jpg,0.0
