filename,lpips_score
brightness_0.20.jpg,0.3934636116027832
brightness_0.40.jpg,0.17047078907489777
brightness_0.60.jpg,0.07561129331588745
brightness_0.80.jpg,0.021185800433158875
brightness_1.00.jpg,0.0
