filename,lpips_score
brightness_0.20.jpg,0.32529217004776
brightness_0.40.jpg,0.1485227346420288
brightness_0.60.jpg,0.061185210943222046
brightness_0.80.jpg,0.01414167694747448
brightness_1.00.jpg,0.0
