filename,lpips_score
gaussian_std0.jpg,0.0
gaussian_std10.jpg,0.001791064627468586
gaussian_std15.jpg,0.0040234047919511795
gaussian_std20.jpg,0.0068459706380963326
gaussian_std25.jpg,0.012426717206835747
gaussian_std30.jpg,0.020348384976387024
gaussian_std35.jpg,0.029710693284869194
gaussian_std40.jpg,0.04136547073721886
gaussian_std45.jpg,0.05439412221312523
gaussian_std5.jpg,0.0005428381846286356
gaussian_std50.jpg,0.06892631202936172
