filename,lpips_score
gaussian_std0.jpg,0.0
gaussian_std10.jpg,0.0031939465552568436
gaussian_std15.jpg,0.0074718245305120945
gaussian_std20.jpg,0.013749910518527031
gaussian_std25.jpg,0.024965060874819756
gaussian_std30.jpg,0.03490108251571655
gaussian_std35.jpg,0.04778611287474632
gaussian_std40.jpg,0.06701229512691498
gaussian_std45.jpg,0.08164294809103012
gaussian_std5.jpg,0.0008949338225647807
gaussian_std50.jpg,0.10287685692310333
