filename,lpips_score
jpeg_quality10.jpg,0.10743413865566254
jpeg_quality100.jpg,0.00044727217755280435
jpeg_quality20.jpg,0.03178441524505615
jpeg_quality30.jpg,0.015540538355708122
jpeg_quality40.jpg,0.010608665645122528
jpeg_quality50.jpg,0.007522979751229286
jpeg_quality60.jpg,0.005077998619526625
jpeg_quality70.jpg,0.0031045216601341963
jpeg_quality80.jpg,0.001957094995304942
jpeg_quality90.jpg,0.0009882040321826935
