filename,lpips_score
jpeg_quality10.jpg,0.10804678499698639
jpeg_quality100.jpg,0.0009697590721771121
jpeg_quality20.jpg,0.043275609612464905
jpeg_quality30.jpg,0.023129122331738472
jpeg_quality40.jpg,0.01647699438035488
jpeg_quality50.jpg,0.010282512754201889
jpeg_quality60.jpg,0.009915399365127087
jpeg_quality70.jpg,0.006015614606440067
jpeg_quality80.jpg,0.0039740316569805145
jpeg_quality90.jpg,0.0021349445451050997
