filename,lpips_score
jpeg_quality10.jpg,0.1397617608308792
jpeg_quality100.jpg,0.0007860657060518861
jpeg_quality20.jpg,0.052593715488910675
jpeg_quality30.jpg,0.02835257165133953
jpeg_quality40.jpg,0.01910591870546341
jpeg_quality50.jpg,0.01345902867615223
jpeg_quality60.jpg,0.00957997515797615
jpeg_quality70.jpg,0.006441262550652027
jpeg_quality80.jpg,0.0041994559578597546
jpeg_quality90.jpg,0.0020171869546175003
