filename,lpips_score
jpeg_quality10.jpg,0.19389861822128296
jpeg_quality100.jpg,0.000725940044503659
jpeg_quality20.jpg,0.06364095211029053
jpeg_quality30.jpg,0.03885269537568092
jpeg_quality40.jpg,0.022413846105337143
jpeg_quality50.jpg,0.023768264800310135
jpeg_quality60.jpg,0.013189197517931461
jpeg_quality70.jpg,0.009201097302138805
jpeg_quality80.jpg,0.004913956858217716
jpeg_quality90.jpg,0.00253562955185771
