filename,lpips_score
jpeg_quality10.jpg,0.1081586629152298
jpeg_quality100.jpg,0.0003663474344648421
jpeg_quality20.jpg,0.03185771778225899
jpeg_quality30.jpg,0.015451015904545784
jpeg_quality40.jpg,0.009793566539883614
jpeg_quality50.jpg,0.006607868708670139
jpeg_quality60.jpg,0.004896683152765036
jpeg_quality70.jpg,0.0030967113561928272
jpeg_quality80.jpg,0.0017603713786229491
jpeg_quality90.jpg,0.0008675511926412582
