filename,lpips_score
jpeg_quality10.jpg,0.09232156723737717
jpeg_quality100.jpg,0.0004309727228246629
jpeg_quality20.jpg,0.022952402010560036
jpeg_quality30.jpg,0.012285957112908363
jpeg_quality40.jpg,0.006889671087265015
jpeg_quality50.jpg,0.004983779042959213
jpeg_quality60.jpg,0.0036423092242330313
jpeg_quality70.jpg,0.002301777247339487
jpeg_quality80.jpg,0.0014620458241552114
jpeg_quality90.jpg,0.0007827539811842144
