filename,lpips_score
jpeg_quality10.jpg,0.03467361629009247
jpeg_quality100.jpg,0.0007484540110453963
jpeg_quality20.jpg,0.011099522933363914
jpeg_quality30.jpg,0.006929339375346899
jpeg_quality40.jpg,0.005407099612057209
jpeg_quality50.jpg,0.0038504053372889757
jpeg_quality60.jpg,0.0027681728824973106
jpeg_quality70.jpg,0.002346620662137866
jpeg_quality80.jpg,0.0017425622791051865
jpeg_quality90.jpg,0.0010343127651140094
