filename,lpips_score
jpeg_quality10.jpg,0.17942562699317932
jpeg_quality100.jpg,0.0011149306083098054
jpeg_quality20.jpg,0.060032110661268234
jpeg_quality30.jpg,0.03717038780450821
jpeg_quality40.jpg,0.020812511444091797
jpeg_quality50.jpg,0.014763626269996166
jpeg_quality60.jpg,0.0132567984983325
jpeg_quality70.jpg,0.007597712334245443
jpeg_quality80.jpg,0.005184050649404526
jpeg_quality90.jpg,0.0025549312122166157
