filename,lpips_score
jpeg_quality10.jpg,0.09304917603731155
jpeg_quality100.jpg,0.00023457591305486858
jpeg_quality20.jpg,0.034537117928266525
jpeg_quality30.jpg,0.02222592756152153
jpeg_quality40.jpg,0.015235631726682186
jpeg_quality50.jpg,0.014280877076089382
jpeg_quality60.jpg,0.008513852953910828
jpeg_quality70.jpg,0.0038602231070399284
jpeg_quality80.jpg,0.001956622116267681
jpeg_quality90.jpg,0.0014742163475602865
