filename,lpips_score
jpeg_quality10.jpg,0.07699181884527206
jpeg_quality100.jpg,0.00023866986157372594
jpeg_quality20.jpg,0.02444116398692131
jpeg_quality30.jpg,0.015978021547198296
jpeg_quality40.jpg,0.012735337018966675
jpeg_quality50.jpg,0.008963123895227909
jpeg_quality60.jpg,0.005457319784909487
jpeg_quality70.jpg,0.0029768873937427998
jpeg_quality80.jpg,0.0019601350650191307
jpeg_quality90.jpg,0.0010634096106514335
