filename,lpips_score
jpeg_quality10.jpg,0.1886972337961197
jpeg_quality100.jpg,0.00046271507744677365
jpeg_quality20.jpg,0.05678797885775566
jpeg_quality30.jpg,0.030079901218414307
jpeg_quality40.jpg,0.01813150942325592
jpeg_quality50.jpg,0.011104145087301731
jpeg_quality60.jpg,0.008939574472606182
jpeg_quality70.jpg,0.004070980474352837
jpeg_quality80.jpg,0.0030329532455652952
jpeg_quality90.jpg,0.0018898468697443604
