filename,lpips_score
jpeg_quality10.jpg,0.16757331788539886
jpeg_quality100.jpg,0.0004870934644713998
jpeg_quality20.jpg,0.0563693530857563
jpeg_quality30.jpg,0.030902035534381866
jpeg_quality40.jpg,0.01908573880791664
jpeg_quality50.jpg,0.013525332324206829
jpeg_quality60.jpg,0.01051446981728077
jpeg_quality70.jpg,0.005951184779405594
jpeg_quality80.jpg,0.0034921392798423767
jpeg_quality90.jpg,0.0016328035853803158
