filename,lpips_score
jpeg_quality10.jpg,0.06244398653507233
jpeg_quality100.jpg,0.00014053322956897318
jpeg_quality20.jpg,0.02903338521718979
jpeg_quality30.jpg,0.019119396805763245
jpeg_quality40.jpg,0.01647895947098732
jpeg_quality50.jpg,0.013951185159385204
jpeg_quality60.jpg,0.0063449060544371605
jpeg_quality70.jpg,0.003432350931689143
jpeg_quality80.jpg,0.002366401255130768
jpeg_quality90.jpg,0.001422708504833281
