filename,lpips_score
jpeg_quality10.jpg,0.10185592621564865
jpeg_quality100.jpg,0.0003462526947259903
jpeg_quality20.jpg,0.031926192343235016
jpeg_quality30.jpg,0.02326248213648796
jpeg_quality40.jpg,0.013473430648446083
jpeg_quality50.jpg,0.009356084279716015
jpeg_quality60.jpg,0.008212961256504059
jpeg_quality70.jpg,0.003334243316203356
jpeg_quality80.jpg,0.002195351291447878
jpeg_quality90.jpg,0.0010331615339964628
