filename,lpips_score
jpeg_quality10.jpg,0.03916328400373459
jpeg_quality100.jpg,0.0006753659108653665
jpeg_quality20.jpg,0.013826793059706688
jpeg_quality30.jpg,0.008626924827694893
jpeg_quality40.jpg,0.0047439387999475
jpeg_quality50.jpg,0.004378736950457096
jpeg_quality60.jpg,0.003096451982855797
jpeg_quality70.jpg,0.0021632241550832987
jpeg_quality80.jpg,0.0017710882239043713
jpeg_quality90.jpg,0.0011251061223447323
