filename,lpips_score
mask_frac0.jpg,0.0
mask_frac10.jpg,0.13311442732810974
mask_frac20.jpg,0.22791261970996857
mask_frac30.jpg,0.33995723724365234
mask_frac40.jpg,0.4810214042663574
mask_frac50.jpg,0.5874875783920288
mask_frac60.jpg,0.6796215772628784
mask_frac70.jpg,0.7610429525375366
mask_frac80.jpg,0.8203434944152832
