filename,lpips_score
mask_frac0.jpg,0.0
mask_frac10.jpg,0.11682316660881042
mask_frac20.jpg,0.20532403886318207
mask_frac30.jpg,0.3110736310482025
mask_frac40.jpg,0.4272233843803406
mask_frac50.jpg,0.5068768262863159
mask_frac60.jpg,0.5880768895149231
mask_frac70.jpg,0.6373343467712402
mask_frac80.jpg,0.6741304993629456
