filename,lpips_score
mask_frac0.jpg,0.0
mask_frac10.jpg,0.12723323702812195
mask_frac20.jpg,0.2640306055545807
mask_frac30.jpg,0.3646275997161865
mask_frac40.jpg,0.4882713854312897
mask_frac50.jpg,0.5945577621459961
mask_frac60.jpg,0.7005798816680908
mask_frac70.jpg,0.7729334831237793
mask_frac80.jpg,0.8419572114944458
