filename,lpips_score
mask_frac0.jpg,0.0
mask_frac10.jpg,0.19314123690128326
mask_frac20.jpg,0.3309209942817688
mask_frac30.jpg,0.45644259452819824
mask_frac40.jpg,0.5743769407272339
mask_frac50.jpg,0.675451934337616
mask_frac60.jpg,0.7632163763046265
mask_frac70.jpg,0.8278186321258545
mask_frac80.jpg,0.8819801807403564
