filename,lpips_score
mask_frac0.jpg,0.0
mask_frac10.jpg,0.1259424239397049
mask_frac20.jpg,0.2223876565694809
mask_frac30.jpg,0.33183833956718445
mask_frac40.jpg,0.49235135316848755
mask_frac50.jpg,0.6027666926383972
mask_frac60.jpg,0.699303925037384
mask_frac70.jpg,0.7595266699790955
mask_frac80.jpg,0.8005036115646362
