filename,lpips_score
mask_frac0.jpg,0.0
mask_frac10.jpg,0.12459872663021088
mask_frac20.jpg,0.23395514488220215
mask_frac30.jpg,0.3334086537361145
mask_frac40.jpg,0.45338788628578186
mask_frac50.jpg,0.5637630224227905
mask_frac60.jpg,0.6651052236557007
mask_frac70.jpg,0.7599369287490845
mask_frac80.jpg,0.8240257501602173
