filename,lpips_score
mask_frac0.jpg,0.0
mask_frac10.jpg,0.1231190413236618
mask_frac20.jpg,0.21377071738243103
mask_frac30.jpg,0.320605993270874
mask_frac40.jpg,0.44697195291519165
mask_frac50.jpg,0.5387510061264038
mask_frac60.jpg,0.6465162634849548
mask_frac70.jpg,0.7086857557296753
mask_frac80.jpg,0.7705039381980896
