filename,lpips_score
mask_frac0.jpg,0.0
mask_frac10.jpg,0.14560101926326752
mask_frac20.jpg,0.24368323385715485
mask_frac30.jpg,0.34709370136260986
mask_frac40.jpg,0.4490514099597931
mask_frac50.jpg,0.5293175578117371
mask_frac60.jpg,0.6272948384284973
mask_frac70.jpg,0.6996932029724121
mask_frac80.jpg,0.7469993829727173
