filename,lpips_score
mask_frac0.jpg,0.0
mask_frac10.jpg,0.17952674627304077
mask_frac20.jpg,0.3358533978462219
mask_frac30.jpg,0.46714526414871216
mask_frac40.jpg,0.5897459983825684
mask_frac50.jpg,0.6811654567718506
mask_frac60.jpg,0.7622616291046143
mask_frac70.jpg,0.824073851108551
mask_frac80.jpg,0.8913062214851379
