filename,lpips_score
mask_frac0.jpg,0.0
mask_frac10.jpg,0.11384064704179764
mask_frac20.jpg,0.19508737325668335
mask_frac30.jpg,0.30806347727775574
mask_frac40.jpg,0.483353853225708
mask_frac50.jpg,0.6061064004898071
mask_frac60.jpg,0.7049340009689331
mask_frac70.jpg,0.7623450756072998
mask_frac80.jpg,0.8190929293632507
