filename,lpips_score
mask_frac0.jpg,0.0
mask_frac10.jpg,0.126816987991333
mask_frac20.jpg,0.3004017174243927
mask_frac30.jpg,0.45013219118118286
mask_frac40.jpg,0.5879859924316406
mask_frac50.jpg,0.7038286924362183
mask_frac60.jpg,0.7843705415725708
mask_frac70.jpg,0.8491605520248413
mask_frac80.jpg,0.9137439131736755
