filename,lpips_score
mask_frac0.jpg,0.0
mask_frac10.jpg,0.22196319699287415
mask_frac20.jpg,0.36106938123703003
mask_frac30.jpg,0.476065456867218
mask_frac40.jpg,0.5990572571754456
mask_frac50.jpg,0.6858335733413696
mask_frac60.jpg,0.7754172682762146
mask_frac70.jpg,0.8308533430099487
mask_frac80.jpg,0.8808889389038086
