filename,lpips_score
mask_frac0.jpg,0.0
mask_frac10.jpg,0.2167958915233612
mask_frac20.jpg,0.3661714196205139
mask_frac30.jpg,0.5034685730934143
mask_frac40.jpg,0.6324135661125183
mask_frac50.jpg,0.7557360529899597
mask_frac60.jpg,0.85063236951828
mask_frac70.jpg,0.9195736050605774
mask_frac80.jpg,0.9874442219734192
