filename,lpips_score
mask_frac0.jpg,0.0
mask_frac10.jpg,0.11477883905172348
mask_frac20.jpg,0.23842641711235046
mask_frac30.jpg,0.35819000005722046
mask_frac40.jpg,0.46983981132507324
mask_frac50.jpg,0.562863826751709
mask_frac60.jpg,0.6693823337554932
mask_frac70.jpg,0.7345679998397827
mask_frac80.jpg,0.7959188222885132
