filename,lpips_score
mask_frac0.jpg,0.0
mask_frac10.jpg,0.12744072079658508
mask_frac20.jpg,0.2696554660797119
mask_frac30.jpg,0.40447568893432617
mask_frac40.jpg,0.5394059419631958
mask_frac50.jpg,0.6355763673782349
mask_frac60.jpg,0.7083482146263123
mask_frac70.jpg,0.7463527321815491
mask_frac80.jpg,0.7892166972160339
