filename,lpips_score
overlay_alpha0.00.jpg,0.0
overlay_alpha0.10.jpg,0.05598908290266991
overlay_alpha0.20.jpg,0.19510073959827423
overlay_alpha0.30.jpg,0.30190277099609375
overlay_alpha0.40.jpg,0.38736894726753235
overlay_alpha0.50.jpg,0.4721001088619232
overlay_alpha0.60.jpg,0.5612387657165527
overlay_alpha0.70.jpg,0.6581353545188904
overlay_alpha0.80.jpg,0.7607613205909729
overlay_alpha0.90.jpg,0.8680884838104248
overlay_alpha1.00.jpg,0.9418684244155884
