filename,lpips_score
overlay_alpha0.00.jpg,0.0
overlay_alpha0.10.jpg,0.07958989590406418
overlay_alpha0.20.jpg,0.15898433327674866
overlay_alpha0.30.jpg,0.22688278555870056
overlay_alpha0.40.jpg,0.2972089350223541
overlay_alpha0.50.jpg,0.37623047828674316
overlay_alpha0.60.jpg,0.45981767773628235
overlay_alpha0.70.jpg,0.5451018214225769
overlay_alpha0.80.jpg,0.63717120885849
overlay_alpha0.90.jpg,0.7287757992744446
overlay_alpha1.00.jpg,0.7911822199821472
