filename,lpips_score
overlay_alpha0.00.jpg,0.0
overlay_alpha0.10.jpg,0.04443342983722687
overlay_alpha0.20.jpg,0.11204426735639572
overlay_alpha0.30.jpg,0.18113917112350464
overlay_alpha0.40.jpg,0.24927428364753723
overlay_alpha0.50.jpg,0.3250798285007477
overlay_alpha0.60.jpg,0.4159054160118103
overlay_alpha0.70.jpg,0.5229406356811523
overlay_alpha0.80.jpg,0.6425957679748535
overlay_alpha0.90.jpg,0.7659297585487366
overlay_alpha1.00.jpg,0.8534573316574097
