filename,lpips_score
overlay_alpha0.00.jpg,0.0
overlay_alpha0.10.jpg,0.024651791900396347
overlay_alpha0.20.jpg,0.0777072161436081
overlay_alpha0.30.jpg,0.1377122402191162
overlay_alpha0.40.jpg,0.21351036429405212
overlay_alpha0.50.jpg,0.295965313911438
overlay_alpha0.60.jpg,0.3915999233722687
overlay_alpha0.70.jpg,0.503881573677063
overlay_alpha0.80.jpg,0.6380021572113037
overlay_alpha0.90.jpg,0.7828139662742615
overlay_alpha1.00.jpg,0.8894884586334229
