filename,lpips_score
overlay_alpha0.00.jpg,0.0
overlay_alpha0.10.jpg,0.050083305686712265
overlay_alpha0.20.jpg,0.09792234003543854
overlay_alpha0.30.jpg,0.1346384584903717
overlay_alpha0.40.jpg,0.17128123342990875
overlay_alpha0.50.jpg,0.21215003728866577
overlay_alpha0.60.jpg,0.2586265206336975
overlay_alpha0.70.jpg,0.31530454754829407
overlay_alpha0.80.jpg,0.3926747143268585
overlay_alpha0.90.jpg,0.4883842468261719
overlay_alpha1.00.jpg,0.5740433931350708
