filename,lpips_score
overlay_alpha0.00.jpg,0.0
overlay_alpha0.10.jpg,0.036232974380254745
overlay_alpha0.20.jpg,0.1090693473815918
overlay_alpha0.30.jpg,0.1745668649673462
overlay_alpha0.40.jpg,0.23218315839767456
overlay_alpha0.50.jpg,0.28922489285469055
overlay_alpha0.60.jpg,0.3559199571609497
overlay_alpha0.70.jpg,0.4262501895427704
overlay_alpha0.80.jpg,0.5067921876907349
overlay_alpha0.90.jpg,0.5878193974494934
overlay_alpha1.00.jpg,0.6575145721435547
