filename,lpips_score
overlay_alpha0.00.jpg,0.0
overlay_alpha0.10.jpg,0.01207539439201355
overlay_alpha0.20.jpg,0.04760057106614113
overlay_alpha0.30.jpg,0.100904181599617
overlay_alpha0.40.jpg,0.17048552632331848
overlay_alpha0.50.jpg,0.25829899311065674
overlay_alpha0.60.jpg,0.36415213346481323
overlay_alpha0.70.jpg,0.49096429347991943
overlay_alpha0.80.jpg,0.6315187811851501
overlay_alpha0.90.jpg,0.7681049704551697
overlay_alpha1.00.jpg,0.8811859488487244
