filename,lpips_score
crop_ratio_0.40.jpg,0.5788894891738892
crop_ratio_0.50.jpg,0.5510852336883545
crop_ratio_0.60.jpg,0.505082905292511
crop_ratio_0.70.jpg,0.43484508991241455
crop_ratio_0.80.jpg,0.3278106451034546
crop_ratio_0.90.jpg,0.18565736711025238
crop_ratio_1.00.jpg,0.0
