filename,lpips_score
crop_ratio_0.40.jpg,0.6744032502174377
crop_ratio_0.50.jpg,0.6457699537277222
crop_ratio_0.60.jpg,0.5900299549102783
crop_ratio_0.70.jpg,0.5044102072715759
crop_ratio_0.80.jpg,0.37537071108818054
crop_ratio_0.90.jpg,0.1916271150112152
crop_ratio_1.00.jpg,0.0
