filename,lpips_score
crop_ratio_0.40.jpg,0.42584487795829773
crop_ratio_0.50.jpg,0.40523087978363037
crop_ratio_0.60.jpg,0.38403090834617615
crop_ratio_0.70.jpg,0.33249640464782715
crop_ratio_0.80.jpg,0.26910650730133057
crop_ratio_0.90.jpg,0.17821750044822693
crop_ratio_1.00.jpg,0.0
