filename,lpips_score
crop_ratio_0.40.jpg,0.6132185459136963
crop_ratio_0.50.jpg,0.5958155393600464
crop_ratio_0.60.jpg,0.5408245921134949
crop_ratio_0.70.jpg,0.471974641084671
crop_ratio_0.80.jpg,0.3612944483757019
crop_ratio_0.90.jpg,0.1897016018629074
crop_ratio_1.00.jpg,0.0
