filename,lpips_score
crop_ratio_0.40.jpg,0.5717130303382874
crop_ratio_0.50.jpg,0.5401554107666016
crop_ratio_0.60.jpg,0.47656434774398804
crop_ratio_0.70.jpg,0.3768176734447479
crop_ratio_0.80.jpg,0.24831712245941162
crop_ratio_0.90.jpg,0.11077039688825607
crop_ratio_1.00.jpg,0.0
