filename,lpips_score
brightness_1.00.jpg,0.0
brightness_1.20.jpg,0.018697001039981842
brightness_1.40.jpg,0.07884912937879562
brightness_1.60.jpg,0.14145302772521973
brightness_1.80.jpg,0.19557777047157288
brightness_2.00.jpg,0.24417158961296082
brightness_2.20.jpg,0.27942517399787903
brightness_2.40.jpg,0.311982661485672
brightness_2.60.jpg,0.34238070249557495
brightness_2.80.jpg,0.3706062436103821
brightness_3.00.jpg,0.3980264961719513
