filename,lpips_score
brightness_1.00.jpg,0.0
brightness_1.20.jpg,0.023579683154821396
brightness_1.40.jpg,0.0752028301358223
brightness_1.60.jpg,0.1336517482995987
brightness_1.80.jpg,0.18501383066177368
brightness_2.00.jpg,0.2293185591697693
brightness_2.20.jpg,0.2682466506958008
brightness_2.40.jpg,0.3027992248535156
brightness_2.60.jpg,0.33440250158309937
brightness_2.80.jpg,0.3621335029602051
brightness_3.00.jpg,0.3885466456413269
