filename,lpips_score
brightness_1.00.jpg,0.0
brightness_1.20.jpg,0.009275714866816998
brightness_1.40.jpg,0.029865896329283714
brightness_1.60.jpg,0.05583896487951279
brightness_1.80.jpg,0.0847514197230339
brightness_2.00.jpg,0.11429717391729355
brightness_2.20.jpg,0.1415112316608429
brightness_2.40.jpg,0.16797128319740295
brightness_2.60.jpg,0.1930510401725769
brightness_2.80.jpg,0.21664661169052124
brightness_3.00.jpg,0.24084354937076569
