filename,lpips_score
brightness_1.00.jpg,0.0
brightness_1.20.jpg,0.03838438540697098
brightness_1.40.jpg,0.18818682432174683
brightness_1.60.jpg,0.3132428526878357
brightness_1.80.jpg,0.3903433680534363
brightness_2.00.jpg,0.45240381360054016
brightness_2.20.jpg,0.4939603805541992
brightness_2.40.jpg,0.5226311683654785
brightness_2.60.jpg,0.5393432378768921
brightness_2.80.jpg,0.5542405843734741
brightness_3.00.jpg,0.5704549551010132
