filename,lpips_score
brightness_1.00.jpg,0.0
brightness_1.20.jpg,0.013639545999467373
brightness_1.40.jpg,0.0563991442322731
brightness_1.60.jpg,0.10041351616382599
brightness_1.80.jpg,0.13976144790649414
brightness_2.00.jpg,0.17799919843673706
brightness_2.20.jpg,0.2142963856458664
brightness_2.40.jpg,0.24795429408550262
brightness_2.60.jpg,0.2797204852104187
brightness_2.80.jpg,0.31015995144844055
brightness_3.00.jpg,0.3365560472011566
