filename,lpips_score
brightness_1.00.jpg,0.0
brightness_1.20.jpg,0.0278320349752903
brightness_1.40.jpg,0.11124932765960693
brightness_1.60.jpg,0.1937425285577774
brightness_1.80.jpg,0.2580766975879669
brightness_2.00.jpg,0.30822205543518066
brightness_2.20.jpg,0.3468616306781769
brightness_2.40.jpg,0.3806997537612915
brightness_2.60.jpg,0.4083041548728943
brightness_2.80.jpg,0.4331577718257904
brightness_3.00.jpg,0.45454880595207214
