filename,lpips_score
brightness_1.00.jpg,0.0
brightness_1.20.jpg,0.02684059366583824
brightness_1.40.jpg,0.0905858725309372
brightness_1.60.jpg,0.15797728300094604
brightness_1.80.jpg,0.21652057766914368
brightness_2.00.jpg,0.26299193501472473
brightness_2.20.jpg,0.2984139025211334
brightness_2.40.jpg,0.32667019963264465
brightness_2.60.jpg,0.3496614694595337
brightness_2.80.jpg,0.3687692880630493
brightness_3.00.jpg,0.3841964602470398
