filename,lpips_score
brightness_1.00.jpg,0.0
brightness_1.20.jpg,0.012915020808577538
brightness_1.40.jpg,0.040833353996276855
brightness_1.60.jpg,0.07391089200973511
brightness_1.80.jpg,0.10812906175851822
brightness_2.00.jpg,0.14341379702091217
brightness_2.20.jpg,0.1764558106660843
brightness_2.40.jpg,0.21043461561203003
brightness_2.60.jpg,0.24281740188598633
brightness_2.80.jpg,0.27187445759773254
brightness_3.00.jpg,0.3013242185115814
