filename,lpips_score
brightness_1.00.jpg,0.0
brightness_1.20.jpg,0.0629195123910904
brightness_1.40.jpg,0.09325246512889862
brightness_1.60.jpg,0.1196613609790802
brightness_1.80.jpg,0.13855688273906708
brightness_2.00.jpg,0.15186358988285065
brightness_2.20.jpg,0.16093967854976654
brightness_2.40.jpg,0.16905494034290314
brightness_2.60.jpg,0.1757567971944809
brightness_2.80.jpg,0.18242432177066803
brightness_3.00.jpg,0.18869666755199432
