filename,lpips_score
brightness_1.00.jpg,0.0
brightness_1.20.jpg,0.025639377534389496
brightness_1.40.jpg,0.0954238697886467
brightness_1.60.jpg,0.13939636945724487
brightness_1.80.jpg,0.17202085256576538
brightness_2.00.jpg,0.20086830854415894
brightness_2.20.jpg,0.22403281927108765
brightness_2.40.jpg,0.24517902731895447
brightness_2.60.jpg,0.2667217254638672
brightness_2.80.jpg,0.2859562933444977
brightness_3.00.jpg,0.3040609061717987
