filename,lpips_score
brightness_1.00.jpg,0.0
brightness_1.20.jpg,0.029421448707580566
brightness_1.40.jpg,0.08933655172586441
brightness_1.60.jpg,0.14697033166885376
brightness_1.80.jpg,0.20887047052383423
brightness_2.00.jpg,0.28536516427993774
brightness_2.20.jpg,0.3528479039669037
brightness_2.40.jpg,0.4131714701652527
brightness_2.60.jpg,0.46016979217529297
brightness_2.80.jpg,0.49789971113204956
brightness_3.00.jpg,0.5253154635429382
