filename,lpips_score
brightness_1.00.jpg,0.0
brightness_1.20.jpg,0.10129442065954208
brightness_1.40.jpg,0.23151494562625885
brightness_1.60.jpg,0.3083597421646118
brightness_1.80.jpg,0.3687646687030792
brightness_2.00.jpg,0.419807106256485
brightness_2.20.jpg,0.4629725515842438
brightness_2.40.jpg,0.4943535327911377
brightness_2.60.jpg,0.5194832682609558
brightness_2.80.jpg,0.538861870765686
brightness_3.00.jpg,0.5500704646110535
