filename,lpips_score
brightness_1.00.jpg,0.0
brightness_1.20.jpg,0.02567990869283676
brightness_1.40.jpg,0.09241889417171478
brightness_1.60.jpg,0.21758447587490082
brightness_1.80.jpg,0.38055258989334106
brightness_2.00.jpg,0.5045299530029297
brightness_2.20.jpg,0.5789942145347595
brightness_2.40.jpg,0.632654070854187
brightness_2.60.jpg,0.6663941144943237
brightness_2.80.jpg,0.6906073093414307
brightness_3.00.jpg,0.7097046375274658
