filename,lpips_score
brightness_1.00.jpg,0.0
brightness_1.20.jpg,0.01677625998854637
brightness_1.40.jpg,0.08766163885593414
brightness_1.60.jpg,0.17749778926372528
brightness_1.80.jpg,0.24000698328018188
brightness_2.00.jpg,0.2749362885951996
brightness_2.20.jpg,0.30015188455581665
brightness_2.40.jpg,0.3179801106452942
brightness_2.60.jpg,0.3321322798728943
brightness_2.80.jpg,0.3436259925365448
brightness_3.00.jpg,0.35486510396003723
