filename,lpips_score
brightness_1.00.jpg,0.0
brightness_1.20.jpg,0.01936415024101734
brightness_1.40.jpg,0.0654589980840683
brightness_1.60.jpg,0.11097509413957596
brightness_1.80.jpg,0.1542772799730301
brightness_2.00.jpg,0.1924043893814087
brightness_2.20.jpg,0.22351081669330597
brightness_2.40.jpg,0.2516705393791199
brightness_2.60.jpg,0.2750641107559204
brightness_2.80.jpg,0.2957752048969269
brightness_3.00.jpg,0.314672589302063
