filename,lpips_score
jpeg_quality100.jpg,2.7548834623303264e-05
jpeg_quality50.jpg,0.0004802335170097649
jpeg_quality60.jpg,0.0006914301193319261
jpeg_quality70.jpg,0.00020529805624391884
jpeg_quality80.jpg,0.00010631702753016725
jpeg_quality90.jpg,3.7535937735810876e-05
