filename,lpips_score
jpeg_quality100.jpg,5.230872193351388e-05
jpeg_quality50.jpg,0.0006657913327217102
jpeg_quality60.jpg,0.0008408863213844597
jpeg_quality70.jpg,0.00027933361707255244
jpeg_quality80.jpg,0.0001571040484122932
jpeg_quality90.jpg,8.440671081189066e-05
