filename,lpips_score
jpeg_quality100.jpg,5.1033883210038766e-05
jpeg_quality50.jpg,0.001103636808693409
jpeg_quality60.jpg,0.0017954092472791672
jpeg_quality70.jpg,0.0006508394726552069
jpeg_quality80.jpg,0.00027126530767418444
jpeg_quality90.jpg,8.538174006389454e-05
