filename,lpips_score
jpeg_quality100.jpg,0.00012003544543404132
jpeg_quality50.jpg,0.003566150553524494
jpeg_quality60.jpg,0.002278270898386836
jpeg_quality70.jpg,0.0013192098122090101
jpeg_quality80.jpg,0.000650559610221535
jpeg_quality90.jpg,0.00018436236132401973
