filename,lpips_score
jpeg_quality100.jpg,3.860406650346704e-05
jpeg_quality50.jpg,0.0007072586449794471
jpeg_quality60.jpg,0.00048311284626834095
jpeg_quality70.jpg,0.00023708899971097708
jpeg_quality80.jpg,0.00015565584180876613
jpeg_quality90.jpg,6.153330468805507e-05
