filename,lpips_score
jpeg_quality100.jpg,1.6376176063204184e-05
jpeg_quality50.jpg,0.00023925195273477584
jpeg_quality60.jpg,0.00020598142873495817
jpeg_quality70.jpg,0.00010035173909272999
jpeg_quality80.jpg,5.1682251068996266e-05
jpeg_quality90.jpg,2.3054075427353382e-05
