filename,lpips_score
jpeg_quality100.jpg,5.32595586264506e-05
jpeg_quality50.jpg,0.0005948528414592147
jpeg_quality60.jpg,0.001030207029543817
jpeg_quality70.jpg,0.0002857604995369911
jpeg_quality80.jpg,0.00016297797264996916
jpeg_quality90.jpg,8.936367521528155e-05
