filename,lpips_score
jpeg_quality100.jpg,3.234938412788324e-05
jpeg_quality50.jpg,0.0004917661426588893
jpeg_quality60.jpg,0.0006183795630931854
jpeg_quality70.jpg,0.00027664724620990455
jpeg_quality80.jpg,0.00015233177691698074
jpeg_quality90.jpg,9.051051165442914e-05
