filename,lpips_score
jpeg_quality100.jpg,3.992100027971901e-05
jpeg_quality50.jpg,0.0010500391945242882
jpeg_quality60.jpg,0.001487967325374484
jpeg_quality70.jpg,0.0006588789983652532
jpeg_quality80.jpg,0.0003735515056177974
jpeg_quality90.jpg,6.616985774599016e-05
