filename,lpips_score
jpeg_quality100.jpg,5.656672146869823e-05
jpeg_quality50.jpg,0.0015440878923982382
jpeg_quality60.jpg,0.0013461039634421468
jpeg_quality70.jpg,0.0005997572443448007
jpeg_quality80.jpg,0.00025507662212476134
jpeg_quality90.jpg,9.520824096398428e-05
