filename,lpips_score
jpeg_quality100.jpg,5.262464037514292e-05
jpeg_quality50.jpg,0.001006689271889627
jpeg_quality60.jpg,0.0011349086416885257
jpeg_quality70.jpg,0.0005924049182794988
jpeg_quality80.jpg,0.00041018647607415915
jpeg_quality90.jpg,9.432203660253435e-05
