filename,lpips_score
jpeg_quality100.jpg,4.687667387770489e-05
jpeg_quality50.jpg,0.0011362687218934298
jpeg_quality60.jpg,0.0010486859828233719
jpeg_quality70.jpg,0.0005851383320987225
jpeg_quality80.jpg,0.00025170305161736906
jpeg_quality90.jpg,7.479845953639597e-05
