filename,lpips_score
brightness_1.00.jpg,0.0
brightness_1.20.jpg,0.01894228160381317
brightness_1.40.jpg,0.08196002244949341
brightness_1.60.jpg,0.1459025740623474
brightness_1.80.jpg,0.19872871041297913
brightness_2.00.jpg,0.24496732652187347
brightness_2.20.jpg,0.27980637550354004
brightness_2.40.jpg,0.3127909004688263
brightness_2.60.jpg,0.3433097004890442
brightness_2.80.jpg,0.372231662273407
brightness_3.00.jpg,0.3994761109352112
