filename,lpips_score
brightness_1.00.jpg,0.0
brightness_1.20.jpg,0.023401794955134392
brightness_1.40.jpg,0.07541648298501968
brightness_1.60.jpg,0.13329556584358215
brightness_1.80.jpg,0.1852990835905075
brightness_2.00.jpg,0.22996288537979126
brightness_2.20.jpg,0.2688944935798645
brightness_2.40.jpg,0.30365806818008423
brightness_2.60.jpg,0.33494120836257935
brightness_2.80.jpg,0.36282864212989807
brightness_3.00.jpg,0.3905571401119232
