filename,lpips_score
brightness_1.00.jpg,0.0
brightness_1.20.jpg,0.009445102885365486
brightness_1.40.jpg,0.029353098943829536
brightness_1.60.jpg,0.054755888879299164
brightness_1.80.jpg,0.0827992632985115
brightness_2.00.jpg,0.11161254346370697
brightness_2.20.jpg,0.13843266665935516
brightness_2.40.jpg,0.16510912775993347
brightness_2.60.jpg,0.18952590227127075
brightness_2.80.jpg,0.21424275636672974
brightness_3.00.jpg,0.23917312920093536
