filename,lpips_score
brightness_1.00.jpg,0.0
brightness_1.20.jpg,0.04018646106123924
brightness_1.40.jpg,0.18240433931350708
brightness_1.60.jpg,0.3127760887145996
brightness_1.80.jpg,0.39120063185691833
brightness_2.00.jpg,0.4547404646873474
brightness_2.20.jpg,0.4952711760997772
brightness_2.40.jpg,0.5209739804267883
brightness_2.60.jpg,0.5377935767173767
brightness_2.80.jpg,0.5522457361221313
brightness_3.00.jpg,0.5680239796638489
