filename,lpips_score
brightness_1.00.jpg,0.0
brightness_1.20.jpg,0.013595489785075188
brightness_1.40.jpg,0.05542397126555443
brightness_1.60.jpg,0.09971524775028229
brightness_1.80.jpg,0.13874934613704681
brightness_2.00.jpg,0.17635314166545868
brightness_2.20.jpg,0.2104010283946991
brightness_2.40.jpg,0.24446414411067963
brightness_2.60.jpg,0.2753244638442993
brightness_2.80.jpg,0.3026137053966522
brightness_3.00.jpg,0.3292846381664276
