filename,lpips_score
brightness_1.00.jpg,0.0
brightness_1.20.jpg,0.028292132541537285
brightness_1.40.jpg,0.11450278759002686
brightness_1.60.jpg,0.19501309096813202
brightness_1.80.jpg,0.2603471577167511
brightness_2.00.jpg,0.3104599416255951
brightness_2.20.jpg,0.3491123914718628
brightness_2.40.jpg,0.38280272483825684
brightness_2.60.jpg,0.4105411767959595
brightness_2.80.jpg,0.4355506896972656
brightness_3.00.jpg,0.457851767539978
