filename,lpips_score
brightness_1.00.jpg,0.0
brightness_1.20.jpg,0.026943635195493698
brightness_1.40.jpg,0.09028838574886322
brightness_1.60.jpg,0.15680362284183502
brightness_1.80.jpg,0.21451684832572937
brightness_2.00.jpg,0.2601013481616974
brightness_2.20.jpg,0.2957976460456848
brightness_2.40.jpg,0.3241806924343109
brightness_2.60.jpg,0.34655454754829407
brightness_2.80.jpg,0.3655208349227905
brightness_3.00.jpg,0.3806818127632141
