filename,lpips_score
brightness_1.00.jpg,0.0
brightness_1.20.jpg,0.013624828308820724
brightness_1.40.jpg,0.04135671257972717
brightness_1.60.jpg,0.07443175464868546
brightness_1.80.jpg,0.10848455131053925
brightness_2.00.jpg,0.14258190989494324
brightness_2.20.jpg,0.17539681494235992
brightness_2.40.jpg,0.2064010500907898
brightness_2.60.jpg,0.23658132553100586
brightness_2.80.jpg,0.26637351512908936
brightness_3.00.jpg,0.2951824963092804
