filename,lpips_score
brightness_1.00.jpg,0.0
brightness_1.20.jpg,0.04763951525092125
brightness_1.40.jpg,0.07757121324539185
brightness_1.60.jpg,0.10402649641036987
brightness_1.80.jpg,0.12288711220026016
brightness_2.00.jpg,0.1362849473953247
brightness_2.20.jpg,0.14581164717674255
brightness_2.40.jpg,0.15409795939922333
brightness_2.60.jpg,0.16095855832099915
brightness_2.80.jpg,0.16795942187309265
brightness_3.00.jpg,0.17434395849704742
