filename,lpips_score
brightness_1.00.jpg,0.0
brightness_1.20.jpg,0.025858035311102867
brightness_1.40.jpg,0.08872461318969727
brightness_1.60.jpg,0.1292594075202942
brightness_1.80.jpg,0.16281288862228394
brightness_2.00.jpg,0.19349819421768188
brightness_2.20.jpg,0.21614393591880798
brightness_2.40.jpg,0.2389797568321228
brightness_2.60.jpg,0.26091066002845764
brightness_2.80.jpg,0.2804374098777771
brightness_3.00.jpg,0.29750198125839233
