filename,lpips_score
brightness_1.00.jpg,0.0
brightness_1.20.jpg,0.02864273265004158
brightness_1.40.jpg,0.08679736405611038
brightness_1.60.jpg,0.1416264772415161
brightness_1.80.jpg,0.20493517816066742
brightness_2.00.jpg,0.27939561009407043
brightness_2.20.jpg,0.34759894013404846
brightness_2.40.jpg,0.406171977519989
brightness_2.60.jpg,0.4526776373386383
brightness_2.80.jpg,0.4914860129356384
brightness_3.00.jpg,0.5191701650619507
