filename,lpips_score
brightness_1.00.jpg,0.0
brightness_1.20.jpg,0.09462369233369827
brightness_1.40.jpg,0.22383488714694977
brightness_1.60.jpg,0.30666667222976685
brightness_1.80.jpg,0.36515989899635315
brightness_2.00.jpg,0.4180716276168823
brightness_2.20.jpg,0.4618096649646759
brightness_2.40.jpg,0.49289804697036743
brightness_2.60.jpg,0.5187063813209534
brightness_2.80.jpg,0.5372697114944458
brightness_3.00.jpg,0.548011064529419
