filename,lpips_score
brightness_1.00.jpg,0.0
brightness_1.20.jpg,0.025686517357826233
brightness_1.40.jpg,0.08605723083019257
brightness_1.60.jpg,0.2162472903728485
brightness_1.80.jpg,0.38240066170692444
brightness_2.00.jpg,0.5049319863319397
brightness_2.20.jpg,0.5796211361885071
brightness_2.40.jpg,0.6334872841835022
brightness_2.60.jpg,0.6682929992675781
brightness_2.80.jpg,0.693462073802948
brightness_3.00.jpg,0.7127705812454224
