filename,lpips_score
brightness_1.00.jpg,0.0
brightness_1.20.jpg,0.01777012273669243
brightness_1.40.jpg,0.09172935783863068
brightness_1.60.jpg,0.1802317351102829
brightness_1.80.jpg,0.2382022738456726
brightness_2.00.jpg,0.27175095677375793
brightness_2.20.jpg,0.296854704618454
brightness_2.40.jpg,0.31456226110458374
brightness_2.60.jpg,0.32794031500816345
brightness_2.80.jpg,0.3395293056964874
brightness_3.00.jpg,0.3502432405948639
