filename,lpips_score
brightness_1.00.jpg,0.0
brightness_1.20.jpg,0.019248109310865402
brightness_1.40.jpg,0.06534688174724579
brightness_1.60.jpg,0.11060819029808044
brightness_1.80.jpg,0.15402762591838837
brightness_2.00.jpg,0.19207662343978882
brightness_2.20.jpg,0.22349539399147034
brightness_2.40.jpg,0.2511308193206787
brightness_2.60.jpg,0.2741139829158783
brightness_2.80.jpg,0.2951485812664032
brightness_3.00.jpg,0.3135147988796234
