filename,lpips_score
overlay_alpha0.00.jpg,0.0
overlay_alpha0.10.jpg,0.02161131426692009
overlay_alpha0.20.jpg,0.07590986788272858
overlay_alpha0.30.jpg,0.13691657781600952
overlay_alpha0.40.jpg,0.20610111951828003
overlay_alpha0.50.jpg,0.28648704290390015
overlay_alpha0.60.jpg,0.38074594736099243
overlay_alpha0.70.jpg,0.48482346534729004
overlay_alpha0.80.jpg,0.6021342277526855
overlay_alpha0.90.jpg,0.7411379814147949
overlay_alpha1.00.jpg,0.847925066947937
