filename,lpips_score
overlay_alpha0.00.jpg,0.0
overlay_alpha0.10.jpg,0.06583869457244873
overlay_alpha0.20.jpg,0.15382729470729828
overlay_alpha0.30.jpg,0.2299189567565918
overlay_alpha0.40.jpg,0.30637621879577637
overlay_alpha0.50.jpg,0.3852805495262146
overlay_alpha0.60.jpg,0.47134920954704285
overlay_alpha0.70.jpg,0.5696859359741211
overlay_alpha0.80.jpg,0.6721560955047607
overlay_alpha0.90.jpg,0.7864072918891907
overlay_alpha1.00.jpg,0.8845949172973633
