filename,lpips_score
overlay_alpha0.00.jpg,0.0
overlay_alpha0.10.jpg,0.07975190877914429
overlay_alpha0.20.jpg,0.1555897444486618
overlay_alpha0.30.jpg,0.220786452293396
overlay_alpha0.40.jpg,0.2881397008895874
overlay_alpha0.50.jpg,0.3661644160747528
overlay_alpha0.60.jpg,0.4467909634113312
overlay_alpha0.70.jpg,0.531563401222229
overlay_alpha0.80.jpg,0.6216230988502502
overlay_alpha0.90.jpg,0.7149840593338013
overlay_alpha1.00.jpg,0.780912458896637
