filename,lpips_score
overlay_alpha0.00.jpg,0.0
overlay_alpha0.10.jpg,0.010845240205526352
overlay_alpha0.20.jpg,0.045282889157533646
overlay_alpha0.30.jpg,0.09105505049228668
overlay_alpha0.40.jpg,0.15200760960578918
overlay_alpha0.50.jpg,0.23557943105697632
overlay_alpha0.60.jpg,0.3373802900314331
overlay_alpha0.70.jpg,0.4528353810310364
overlay_alpha0.80.jpg,0.5848500728607178
overlay_alpha0.90.jpg,0.7207376956939697
overlay_alpha1.00.jpg,0.86714768409729
