filename,lpips_score
overlay_alpha0.00.jpg,0.0
overlay_alpha0.10.jpg,0.08458896726369858
overlay_alpha0.20.jpg,0.20461724698543549
overlay_alpha0.30.jpg,0.29686132073402405
overlay_alpha0.40.jpg,0.38675186038017273
overlay_alpha0.50.jpg,0.4704616367816925
overlay_alpha0.60.jpg,0.5532205104827881
overlay_alpha0.70.jpg,0.6467494368553162
overlay_alpha0.80.jpg,0.7508160471916199
overlay_alpha0.90.jpg,0.8591674566268921
overlay_alpha1.00.jpg,0.9407761096954346
