filename,lpips_score
overlay_alpha0.00.jpg,0.0
overlay_alpha0.10.jpg,0.05040176957845688
overlay_alpha0.20.jpg,0.09829974174499512
overlay_alpha0.30.jpg,0.1369307041168213
overlay_alpha0.40.jpg,0.1724688708782196
overlay_alpha0.50.jpg,0.21415990591049194
overlay_alpha0.60.jpg,0.25911906361579895
overlay_alpha0.70.jpg,0.3166671097278595
overlay_alpha0.80.jpg,0.39788904786109924
overlay_alpha0.90.jpg,0.49152711033821106
overlay_alpha1.00.jpg,0.5790575742721558
