filename,lpips_score
overlay_alpha0.00.jpg,0.0
overlay_alpha0.10.jpg,0.04276256263256073
overlay_alpha0.20.jpg,0.10634075105190277
overlay_alpha0.30.jpg,0.17040160298347473
overlay_alpha0.40.jpg,0.24010837078094482
overlay_alpha0.50.jpg,0.3254496455192566
overlay_alpha0.60.jpg,0.4232638478279114
overlay_alpha0.70.jpg,0.5289424657821655
overlay_alpha0.80.jpg,0.6353933811187744
overlay_alpha0.90.jpg,0.7320448756217957
overlay_alpha1.00.jpg,0.7983830571174622
