filename,lpips_score
overlay_alpha0.00.jpg,0.0
overlay_alpha0.10.jpg,0.03455325961112976
overlay_alpha0.20.jpg,0.10560194402933121
overlay_alpha0.30.jpg,0.16979297995567322
overlay_alpha0.40.jpg,0.22731004655361176
overlay_alpha0.50.jpg,0.2838030159473419
overlay_alpha0.60.jpg,0.34876134991645813
overlay_alpha0.70.jpg,0.4213245213031769
overlay_alpha0.80.jpg,0.4961816370487213
overlay_alpha0.90.jpg,0.5826352834701538
overlay_alpha1.00.jpg,0.6522105932235718
