filename,lpips_score
overlay_alpha0.00.jpg,0.0
overlay_alpha0.10.jpg,0.03043103963136673
overlay_alpha0.20.jpg,0.113120898604393
overlay_alpha0.30.jpg,0.17829911410808563
overlay_alpha0.40.jpg,0.24060511589050293
overlay_alpha0.50.jpg,0.305031955242157
overlay_alpha0.60.jpg,0.37509885430336
overlay_alpha0.70.jpg,0.4630037248134613
overlay_alpha0.80.jpg,0.5758589506149292
overlay_alpha0.90.jpg,0.7136521339416504
overlay_alpha1.00.jpg,0.8055955171585083
