filename,lpips_score
overlay_alpha0.00.jpg,0.0
overlay_alpha0.10.jpg,0.01228785514831543
overlay_alpha0.20.jpg,0.04800872877240181
overlay_alpha0.30.jpg,0.10103552788496017
overlay_alpha0.40.jpg,0.17041215300559998
overlay_alpha0.50.jpg,0.25797969102859497
overlay_alpha0.60.jpg,0.36383649706840515
overlay_alpha0.70.jpg,0.4917931854724884
overlay_alpha0.80.jpg,0.6310544013977051
overlay_alpha0.90.jpg,0.7679430842399597
overlay_alpha1.00.jpg,0.8810897469520569
