filename,lpips_score
overlay_alpha0.00.jpg,0.0
overlay_alpha0.10.jpg,0.06876198947429657
overlay_alpha0.20.jpg,0.13545648753643036
overlay_alpha0.30.jpg,0.19360315799713135
overlay_alpha0.40.jpg,0.24679720401763916
overlay_alpha0.50.jpg,0.31168389320373535
overlay_alpha0.60.jpg,0.38350269198417664
overlay_alpha0.70.jpg,0.4652552008628845
overlay_alpha0.80.jpg,0.5542171597480774
overlay_alpha0.90.jpg,0.6620842218399048
overlay_alpha1.00.jpg,0.7665210962295532
