filename,lpips_score
rotate_0.jpg,0.0
rotate_2.jpg,0.06598769873380661
rotate_4.jpg,0.12397679686546326
