filename,lpips_score
rotate_0.jpg,0.0
rotate_2.jpg,0.1078936755657196
rotate_4.jpg,0.20357191562652588
