filename,lpips_score
rotate_0.jpg,0.0
rotate_2.jpg,0.0717334970831871
rotate_4.jpg,0.12072405219078064
