filename,lpips_score
rotate_0.jpg,0.0
rotate_2.jpg,0.0752766951918602
rotate_4.jpg,0.13618899881839752
