filename,lpips_score
rotate_0.jpg,0.0
rotate_2.jpg,0.06067514047026634
rotate_4.jpg,0.12242193520069122
