filename,lpips_score
rotate_0.jpg,0.0
rotate_2.jpg,0.10977927595376968
rotate_4.jpg,0.18339219689369202
