filename,lpips_score
rotate_0.jpg,0.0
rotate_2.jpg,0.09498926252126694
rotate_4.jpg,0.14517879486083984
