filename,lpips_score
rotate_0.jpg,0.0
rotate_2.jpg,0.04363005980849266
rotate_4.jpg,0.09099020808935165
