filename,lpips_score
rotate_0.jpg,0.0
rotate_10.jpg,0.19656293094158173
rotate_2.jpg,0.03823893889784813
rotate_4.jpg,0.07506413757801056
rotate_6.jpg,0.11254463344812393
rotate_8.jpg,0.15009208023548126
