filename,lpips_score
rotate_0.jpg,0.0
rotate_10.jpg,0.2212541401386261
rotate_2.jpg,0.03592891991138458
rotate_4.jpg,0.08118817955255508
rotate_6.jpg,0.13152489066123962
rotate_8.jpg,0.1748984307050705
