filename,lpips_score
rotate_0.jpg,0.0
rotate_2.jpg,0.04870093613862991
rotate_4.jpg,0.09065306186676025
