filename,lpips_score
rotate_0.jpg,0.0
rotate_2.jpg,0.08051999658346176
rotate_4.jpg,0.13792142271995544
