filename,lpips_score
rotate_0.jpg,0.0
rotate_10.jpg,0.2672730088233948
rotate_2.jpg,0.08143429458141327
rotate_4.jpg,0.13705289363861084
rotate_6.jpg,0.18321223556995392
rotate_8.jpg,0.2287127673625946
