filename,lpips_score
rotate_0.jpg,0.0
rotate_2.jpg,0.03014877438545227
rotate_4.jpg,0.06938042491674423
