filename,lpips_score
jpeg_quality10.jpg,0.10060741752386093
jpeg_quality100.jpg,0.0005026183207519352
jpeg_quality20.jpg,0.0296388678252697
jpeg_quality30.jpg,0.014829106628894806
jpeg_quality40.jpg,0.009819305501878262
jpeg_quality50.jpg,0.006916298530995846
jpeg_quality60.jpg,0.004846300929784775
jpeg_quality70.jpg,0.0031225192360579967
jpeg_quality80.jpg,0.0018461651634424925
jpeg_quality90.jpg,0.0009915123227983713
