filename,lpips_score
jpeg_quality10.jpg,0.10177396237850189
jpeg_quality100.jpg,0.0010692619252949953
jpeg_quality20.jpg,0.04376942291855812
jpeg_quality30.jpg,0.02696407213807106
jpeg_quality40.jpg,0.01633458212018013
jpeg_quality50.jpg,0.01150958240032196
jpeg_quality60.jpg,0.008876817300915718
jpeg_quality70.jpg,0.005527476314455271
jpeg_quality80.jpg,0.0035527823492884636
jpeg_quality90.jpg,0.001988876610994339
