filename,lpips_score
jpeg_quality10.jpg,0.13179713487625122
jpeg_quality100.jpg,0.000924368912819773
jpeg_quality20.jpg,0.052554257214069366
jpeg_quality30.jpg,0.03522413223981857
jpeg_quality40.jpg,0.023986145853996277
jpeg_quality50.jpg,0.014236314222216606
jpeg_quality60.jpg,0.010245870798826218
jpeg_quality70.jpg,0.00706333527341485
jpeg_quality80.jpg,0.0038729843217879534
jpeg_quality90.jpg,0.0018849392654374242
