filename,lpips_score
jpeg_quality10.jpg,0.1929793655872345
jpeg_quality100.jpg,0.0011850839946419
jpeg_quality20.jpg,0.06751559674739838
jpeg_quality30.jpg,0.04132717475295067
jpeg_quality40.jpg,0.024386923760175705
jpeg_quality50.jpg,0.018079377710819244
jpeg_quality60.jpg,0.012273810803890228
jpeg_quality70.jpg,0.008375943638384342
jpeg_quality80.jpg,0.00478990888223052
jpeg_quality90.jpg,0.0027186861261725426
