filename,lpips_score
jpeg_quality10.jpg,0.09868968278169632
jpeg_quality100.jpg,0.0004283000307623297
jpeg_quality20.jpg,0.03036452829837799
jpeg_quality30.jpg,0.015881497412919998
jpeg_quality40.jpg,0.009848732501268387
jpeg_quality50.jpg,0.006625952199101448
jpeg_quality60.jpg,0.004383067600429058
jpeg_quality70.jpg,0.002974456176161766
jpeg_quality80.jpg,0.0017727105878293514
jpeg_quality90.jpg,0.0010406390065327287
