filename,lpips_score
jpeg_quality10.jpg,0.08975780010223389
jpeg_quality100.jpg,0.000479929760331288
jpeg_quality20.jpg,0.024698926135897636
jpeg_quality30.jpg,0.012158581987023354
jpeg_quality40.jpg,0.0077277896925807
jpeg_quality50.jpg,0.005068979226052761
jpeg_quality60.jpg,0.003727852599695325
jpeg_quality70.jpg,0.002553560771048069
jpeg_quality80.jpg,0.0015911068767309189
jpeg_quality90.jpg,0.0009015327086672187
