filename,lpips_score
jpeg_quality10.jpg,0.036609552800655365
jpeg_quality100.jpg,0.0007905341917648911
jpeg_quality20.jpg,0.011287882924079895
jpeg_quality30.jpg,0.007442925125360489
jpeg_quality40.jpg,0.005409949459135532
jpeg_quality50.jpg,0.0040052300319075584
jpeg_quality60.jpg,0.003128326963633299
jpeg_quality70.jpg,0.0021931978408247232
jpeg_quality80.jpg,0.0016758800484240055
jpeg_quality90.jpg,0.0011196978157386184
