filename,lpips_score
jpeg_quality10.jpg,0.18352559208869934
jpeg_quality100.jpg,0.0012052587699145079
jpeg_quality20.jpg,0.08066141605377197
jpeg_quality30.jpg,0.04911913350224495
jpeg_quality40.jpg,0.029984092339873314
jpeg_quality50.jpg,0.018947886303067207
jpeg_quality60.jpg,0.012902848422527313
jpeg_quality70.jpg,0.007956991903483868
jpeg_quality80.jpg,0.004764685407280922
jpeg_quality90.jpg,0.002425363752990961
