filename,lpips_score
jpeg_quality10.jpg,0.07637599110603333
jpeg_quality100.jpg,0.0006020588334649801
jpeg_quality20.jpg,0.03758423402905464
jpeg_quality30.jpg,0.02694053202867508
jpeg_quality40.jpg,0.02010362036526203
jpeg_quality50.jpg,0.011807842180132866
jpeg_quality60.jpg,0.006645185872912407
jpeg_quality70.jpg,0.004083553329110146
jpeg_quality80.jpg,0.0023745615035295486
jpeg_quality90.jpg,0.0013348161010071635
