filename,lpips_score
jpeg_quality10.jpg,0.09270633012056351
jpeg_quality100.jpg,0.000462385913124308
jpeg_quality20.jpg,0.0342734158039093
jpeg_quality30.jpg,0.02429276891052723
jpeg_quality40.jpg,0.017868177965283394
jpeg_quality50.jpg,0.010989949107170105
jpeg_quality60.jpg,0.006866970099508762
jpeg_quality70.jpg,0.004112144932150841
jpeg_quality80.jpg,0.0023054906632751226
jpeg_quality90.jpg,0.001052706502377987
