filename,lpips_score
jpeg_quality10.jpg,0.197104811668396
jpeg_quality100.jpg,0.0007362304604612291
jpeg_quality20.jpg,0.07930736243724823
jpeg_quality30.jpg,0.035520464181900024
jpeg_quality40.jpg,0.02615559846162796
jpeg_quality50.jpg,0.013937323354184628
jpeg_quality60.jpg,0.008314575999975204
jpeg_quality70.jpg,0.005580958444625139
jpeg_quality80.jpg,0.0032462812960147858
jpeg_quality90.jpg,0.0016115078469738364
