filename,lpips_score
jpeg_quality10.jpg,0.16881491243839264
jpeg_quality100.jpg,0.0007361617172136903
jpeg_quality20.jpg,0.05834415555000305
jpeg_quality30.jpg,0.030805233865976334
jpeg_quality40.jpg,0.020023688673973083
jpeg_quality50.jpg,0.01204835157841444
jpeg_quality60.jpg,0.007947208359837532
jpeg_quality70.jpg,0.006033722776919603
jpeg_quality80.jpg,0.003139413660392165
jpeg_quality90.jpg,0.0016399006126448512
