filename,lpips_score
jpeg_quality10.jpg,0.07636171579360962
jpeg_quality100.jpg,0.0005579158896580338
jpeg_quality20.jpg,0.050593845546245575
jpeg_quality30.jpg,0.03453737869858742
jpeg_quality40.jpg,0.026737144216895103
jpeg_quality50.jpg,0.020455263555049896
jpeg_quality60.jpg,0.01270301640033722
jpeg_quality70.jpg,0.005716243293136358
jpeg_quality80.jpg,0.002490466460585594
jpeg_quality90.jpg,0.0012423559091985226
