filename,lpips_score
jpeg_quality10.jpg,0.03610694780945778
jpeg_quality100.jpg,0.0006940116873010993
jpeg_quality20.jpg,0.014138652011752129
jpeg_quality30.jpg,0.007919149473309517
jpeg_quality40.jpg,0.005369648337364197
jpeg_quality50.jpg,0.003878737799823284
jpeg_quality60.jpg,0.0029415800236165524
jpeg_quality70.jpg,0.0022515421733260155
jpeg_quality80.jpg,0.0016740565188229084
jpeg_quality90.jpg,0.001020481577143073
