filename,lpips_score
jpeg_quality10.jpg,0.10771431028842926
jpeg_quality100.jpg,0.00042267338722012937
jpeg_quality20.jpg,0.03346094489097595
jpeg_quality30.jpg,0.016416404396295547
jpeg_quality40.jpg,0.010520868003368378
jpeg_quality50.jpg,0.007751626893877983
jpeg_quality60.jpg,0.005424287635833025
jpeg_quality70.jpg,0.003658255096524954
jpeg_quality80.jpg,0.001690364209935069
jpeg_quality90.jpg,0.0010011414997279644
