filename,lpips_score
jpeg_quality10.jpg,0.10218990594148636
jpeg_quality100.jpg,0.00042231162660755217
jpeg_quality20.jpg,0.0323600135743618
jpeg_quality30.jpg,0.01577621139585972
jpeg_quality40.jpg,0.010846573859453201
jpeg_quality50.jpg,0.007615975569933653
jpeg_quality60.jpg,0.005693997256457806
jpeg_quality70.jpg,0.0031322878785431385
jpeg_quality80.jpg,0.0017726824153214693
jpeg_quality90.jpg,0.0008596291299909353
