filename,lpips_score
jpeg_quality10.jpg,0.10245433449745178
jpeg_quality100.jpg,0.0008501093252561986
jpeg_quality20.jpg,0.04415392875671387
jpeg_quality30.jpg,0.023503031581640244
jpeg_quality40.jpg,0.016094984486699104
jpeg_quality50.jpg,0.011091445572674274
jpeg_quality60.jpg,0.010168494656682014
jpeg_quality70.jpg,0.005543797742575407
jpeg_quality80.jpg,0.0033116028644144535
jpeg_quality90.jpg,0.0019548165146261454
