filename,lpips_score
jpeg_quality10.jpg,0.13516844809055328
jpeg_quality100.jpg,0.000863151450175792
jpeg_quality20.jpg,0.05374819412827492
jpeg_quality30.jpg,0.033604562282562256
jpeg_quality40.jpg,0.020968742668628693
jpeg_quality50.jpg,0.015773389488458633
jpeg_quality60.jpg,0.010925662703812122
jpeg_quality70.jpg,0.007454290986061096
jpeg_quality80.jpg,0.003816604381427169
jpeg_quality90.jpg,0.0019276048988103867
