filename,lpips_score
jpeg_quality10.jpg,0.18085630238056183
jpeg_quality100.jpg,0.0010755093535408378
jpeg_quality20.jpg,0.06076706200838089
jpeg_quality30.jpg,0.03317689150571823
jpeg_quality40.jpg,0.02217639982700348
jpeg_quality50.jpg,0.01731436885893345
jpeg_quality60.jpg,0.010223295539617538
jpeg_quality70.jpg,0.007092610001564026
jpeg_quality80.jpg,0.004308211151510477
jpeg_quality90.jpg,0.0020779971964657307
