filename,lpips_score
jpeg_quality10.jpg,0.10447408258914948
jpeg_quality100.jpg,0.00034590187715366483
jpeg_quality20.jpg,0.031092487275600433
jpeg_quality30.jpg,0.016303086653351784
jpeg_quality40.jpg,0.010415039025247097
jpeg_quality50.jpg,0.006960949394851923
jpeg_quality60.jpg,0.004731818567961454
jpeg_quality70.jpg,0.0032330339308828115
jpeg_quality80.jpg,0.001798197627067566
jpeg_quality90.jpg,0.0008677567820996046
