filename,lpips_score
jpeg_quality10.jpg,0.09210032969713211
jpeg_quality100.jpg,0.00043616173206828535
jpeg_quality20.jpg,0.025817815214395523
jpeg_quality30.jpg,0.013024043291807175
jpeg_quality40.jpg,0.007363497279584408
jpeg_quality50.jpg,0.0050858622416853905
jpeg_quality60.jpg,0.003543904982507229
jpeg_quality70.jpg,0.0024602001067250967
jpeg_quality80.jpg,0.0014763458166271448
jpeg_quality90.jpg,0.0007318119751289487
