filename,lpips_score
jpeg_quality10.jpg,0.03531115502119064
jpeg_quality100.jpg,0.0007657836540602148
jpeg_quality20.jpg,0.01120525598526001
jpeg_quality30.jpg,0.006790264509618282
jpeg_quality40.jpg,0.005417973734438419
jpeg_quality50.jpg,0.0037338649854063988
jpeg_quality60.jpg,0.0029406182002276182
jpeg_quality70.jpg,0.0023260158486664295
jpeg_quality80.jpg,0.0018411650089547038
jpeg_quality90.jpg,0.0011086728191003203
