filename,lpips_score
jpeg_quality10.jpg,0.18656586110591888
jpeg_quality100.jpg,0.0009966492652893066
jpeg_quality20.jpg,0.06582735478878021
jpeg_quality30.jpg,0.04412362352013588
jpeg_quality40.jpg,0.02803162671625614
jpeg_quality50.jpg,0.01821998879313469
jpeg_quality60.jpg,0.014616308733820915
jpeg_quality70.jpg,0.00895033311098814
jpeg_quality80.jpg,0.005062655545771122
jpeg_quality90.jpg,0.002359012607485056
