filename,lpips_score
jpeg_quality10.jpg,0.0817757397890091
jpeg_quality100.jpg,0.0005297407624311745
jpeg_quality20.jpg,0.02463015541434288
jpeg_quality30.jpg,0.011803345754742622
jpeg_quality40.jpg,0.005366593599319458
jpeg_quality50.jpg,0.004108148161321878
jpeg_quality60.jpg,0.0030791135504841805
jpeg_quality70.jpg,0.0024177664890885353
jpeg_quality80.jpg,0.0016536223702132702
jpeg_quality90.jpg,0.0009376503294333816
