filename,lpips_score
jpeg_quality10.jpg,0.0700988695025444
jpeg_quality100.jpg,0.0004035689344163984
jpeg_quality20.jpg,0.02210891619324684
jpeg_quality30.jpg,0.013578015379607677
jpeg_quality40.jpg,0.00970336515456438
jpeg_quality50.jpg,0.007182437926530838
jpeg_quality60.jpg,0.005333137698471546
jpeg_quality70.jpg,0.00319473329000175
jpeg_quality80.jpg,0.0017950553447008133
jpeg_quality90.jpg,0.0009010773501358926
