filename,lpips_score
jpeg_quality10.jpg,0.1902591437101364
jpeg_quality100.jpg,0.0005345694371499121
jpeg_quality20.jpg,0.055961973965168
jpeg_quality30.jpg,0.03399752825498581
jpeg_quality40.jpg,0.016483131796121597
jpeg_quality50.jpg,0.012255687266588211
jpeg_quality60.jpg,0.00900557916611433
jpeg_quality70.jpg,0.005086515098810196
jpeg_quality80.jpg,0.002694513415917754
jpeg_quality90.jpg,0.0015357246156781912
