filename,lpips_score
jpeg_quality10.jpg,0.1656622290611267
jpeg_quality100.jpg,0.0005113339866511524
jpeg_quality20.jpg,0.05915762484073639
jpeg_quality30.jpg,0.030151009559631348
jpeg_quality40.jpg,0.020193399861454964
jpeg_quality50.jpg,0.012065556831657887
jpeg_quality60.jpg,0.008378205820918083
jpeg_quality70.jpg,0.005330520216375589
jpeg_quality80.jpg,0.0029529694002121687
jpeg_quality90.jpg,0.0013632199261337519
