filename,lpips_score
jpeg_quality10.jpg,0.04376930370926857
jpeg_quality100.jpg,0.0003250192094128579
jpeg_quality20.jpg,0.02008986845612526
jpeg_quality30.jpg,0.014017410576343536
jpeg_quality40.jpg,0.009904532693326473
jpeg_quality50.jpg,0.007049154490232468
jpeg_quality60.jpg,0.00552379572764039
jpeg_quality70.jpg,0.0033977744169533253
jpeg_quality80.jpg,0.002154883462935686
jpeg_quality90.jpg,0.0009256000630557537
