filename,lpips_score
jpeg_quality10.jpg,0.09655977040529251
jpeg_quality100.jpg,0.00037597829941660166
jpeg_quality20.jpg,0.029136888682842255
jpeg_quality30.jpg,0.019215308129787445
jpeg_quality40.jpg,0.010466141626238823
jpeg_quality50.jpg,0.006399801466614008
jpeg_quality60.jpg,0.005640536546707153
jpeg_quality70.jpg,0.004099030047655106
jpeg_quality80.jpg,0.002041168510913849
jpeg_quality90.jpg,0.0008958672406151891
