filename,lpips_score
jpeg_quality10.jpg,0.03740164637565613
jpeg_quality100.jpg,0.0005993637023493648
jpeg_quality20.jpg,0.013262031599879265
jpeg_quality30.jpg,0.00823280680924654
jpeg_quality40.jpg,0.004970593843609095
jpeg_quality50.jpg,0.004373217932879925
jpeg_quality60.jpg,0.0031252990011125803
jpeg_quality70.jpg,0.0022696296218782663
jpeg_quality80.jpg,0.0017026417190209031
jpeg_quality90.jpg,0.0010102372616529465
