filename,lpips_score
resize_scale0.10.jpg,0.006998428143560886
resize_scale0.20.jpg,0.0006380794802680612
resize_scale0.30.jpg,0.0002041647967416793
resize_scale0.40.jpg,0.00010677546379156411
resize_scale0.50.jpg,6.475175905507058e-05
resize_scale0.60.jpg,5.7382731029065326e-05
resize_scale0.70.jpg,5.257106022327207e-05
resize_scale0.80.jpg,4.971913585904986e-05
resize_scale0.90.jpg,4.1899795178323984e-05
resize_scale1.00.jpg,0.0
