filename,lpips_score
resize_scale0.10.jpg,0.012560141272842884
resize_scale0.20.jpg,0.001243374776095152
resize_scale0.30.jpg,0.00044345486094243824
resize_scale0.40.jpg,0.0002572878438513726
resize_scale0.50.jpg,0.0001506781263742596
resize_scale0.60.jpg,0.0001510760048404336
resize_scale0.70.jpg,0.00011765783710870892
resize_scale0.80.jpg,0.00011092761269537732
resize_scale0.90.jpg,0.00010227996972389519
resize_scale1.00.jpg,0.0
