filename,lpips_score
resize_scale0.10.jpg,0.003689840668812394
resize_scale0.20.jpg,0.00043760985136032104
resize_scale0.30.jpg,0.00022305650054477155
resize_scale0.40.jpg,0.00015896715922281146
resize_scale0.50.jpg,0.00010272857616655529
resize_scale0.60.jpg,0.00011977398389717564
resize_scale0.70.jpg,0.00010888434189837426
resize_scale0.80.jpg,9.860712452791631e-05
resize_scale0.90.jpg,9.795655932975933e-05
resize_scale1.00.jpg,0.0
