filename,lpips_score
resize_scale0.10.jpg,0.045962005853652954
resize_scale0.20.jpg,0.0046567535027861595
resize_scale0.30.jpg,0.0013707507168874145
resize_scale0.40.jpg,0.0006240746006369591
resize_scale0.50.jpg,0.0003638466587290168
resize_scale0.60.jpg,0.0003028412174899131
resize_scale0.70.jpg,0.00024311698507517576
resize_scale0.80.jpg,0.0002273585123475641
resize_scale0.90.jpg,0.00020874924666713923
resize_scale1.00.jpg,0.0
