filename,lpips_score
resize_scale0.10.jpg,0.007633422035723925
resize_scale0.20.jpg,0.0006708101136609912
resize_scale0.30.jpg,0.00023591422359459102
resize_scale0.40.jpg,0.0001397438027197495
resize_scale0.50.jpg,0.0001030728526529856
resize_scale0.60.jpg,9.578659228282049e-05
resize_scale0.70.jpg,9.126757504418492e-05
resize_scale0.80.jpg,7.535813347203657e-05
resize_scale0.90.jpg,7.08524021320045e-05
resize_scale1.00.jpg,0.0
