filename,lpips_score
resize_scale0.10.jpg,0.006842255592346191
resize_scale0.20.jpg,0.0005242912448011339
resize_scale0.30.jpg,0.0001518309290986508
resize_scale0.40.jpg,6.69958972139284e-05
resize_scale0.50.jpg,4.1733797843335196e-05
resize_scale0.60.jpg,3.238762656110339e-05
resize_scale0.70.jpg,2.8537951948237605e-05
resize_scale0.80.jpg,2.41563466261141e-05
resize_scale0.90.jpg,2.395660339971073e-05
resize_scale1.00.jpg,0.0
