filename,lpips_score
resize_scale0.10.jpg,0.018376335501670837
resize_scale0.20.jpg,0.00174204190261662
resize_scale0.30.jpg,0.0004605451540555805
resize_scale0.40.jpg,0.0002369015128351748
resize_scale0.50.jpg,0.00013307468907441944
resize_scale0.60.jpg,0.0001351101673208177
resize_scale0.70.jpg,0.00011618228018051013
resize_scale0.80.jpg,0.0001262667792616412
resize_scale0.90.jpg,0.00010796471178764477
resize_scale1.00.jpg,0.0
