filename,lpips_score
resize_scale0.10.jpg,0.0065699731931090355
resize_scale0.20.jpg,0.0005952041246928275
resize_scale0.30.jpg,0.0002210948441643268
resize_scale0.40.jpg,0.0001288133062189445
resize_scale0.50.jpg,9.872542432276532e-05
resize_scale0.60.jpg,8.116642129607499e-05
resize_scale0.70.jpg,7.221836858661845e-05
resize_scale0.80.jpg,6.063671025913209e-05
resize_scale0.90.jpg,6.443429447244853e-05
resize_scale1.00.jpg,0.0
