filename,lpips_score
resize_scale0.10.jpg,0.002072084229439497
resize_scale0.20.jpg,0.0004363502375781536
resize_scale0.30.jpg,0.00026455961051397026
resize_scale0.40.jpg,0.00019015024008695036
resize_scale0.50.jpg,0.00011455648927949369
resize_scale0.60.jpg,0.0001286341284867376
resize_scale0.70.jpg,0.00010781812306959182
resize_scale0.80.jpg,0.00011074470239691436
resize_scale0.90.jpg,0.00010304410534445196
resize_scale1.00.jpg,0.0
