filename,lpips_score
resize_scale0.10.jpg,0.021562164649367332
resize_scale0.20.jpg,0.002165956422686577
resize_scale0.30.jpg,0.0005933434586040676
resize_scale0.40.jpg,0.0003018056449946016
resize_scale0.50.jpg,0.00015151457046158612
resize_scale0.60.jpg,0.0001461477659177035
resize_scale0.70.jpg,0.00011403460666770115
resize_scale0.80.jpg,0.0001118112777476199
resize_scale0.90.jpg,9.617111936677247e-05
resize_scale1.00.jpg,0.0
