filename,lpips_score
resize_scale0.10.jpg,0.018490755930542946
resize_scale0.20.jpg,0.0017188554629683495
resize_scale0.30.jpg,0.0005440342356450856
resize_scale0.40.jpg,0.0002704834914766252
resize_scale0.50.jpg,0.00015364642604254186
resize_scale0.60.jpg,0.00014624341565649956
resize_scale0.70.jpg,0.00011601016012718901
resize_scale0.80.jpg,0.00011238615843467414
resize_scale0.90.jpg,0.00010738621494965628
resize_scale1.00.jpg,0.0
