filename,lpips_score
resize_scale0.10.jpg,0.003708516014739871
resize_scale0.20.jpg,0.0004890118725597858
resize_scale0.30.jpg,0.00020971962658222765
resize_scale0.40.jpg,0.00015191352576948702
resize_scale0.50.jpg,8.048863674048334e-05
resize_scale0.60.jpg,0.00010165307321585715
resize_scale0.70.jpg,9.33189076022245e-05
resize_scale0.80.jpg,8.846842683851719e-05
resize_scale0.90.jpg,8.591954974690452e-05
resize_scale1.00.jpg,0.0
