filename,lpips_score
brightness_0.00.jpg,0.9717680215835571
brightness_0.20.jpg,0.370130717754364
brightness_0.40.jpg,0.16674809157848358
brightness_0.60.jpg,0.0756707713007927
brightness_0.80.jpg,0.02164459228515625
brightness_1.00.jpg,0.0
