filename,lpips_score
brightness_0.00.jpg,0.9316073060035706
brightness_0.20.jpg,0.431881844997406
brightness_0.40.jpg,0.22560450434684753
brightness_0.60.jpg,0.09954996407032013
brightness_0.80.jpg,0.02637818269431591
brightness_1.00.jpg,0.0
