filename,lpips_score
brightness_0.00.jpg,0.8002532720565796
brightness_0.20.jpg,0.3558618426322937
brightness_0.40.jpg,0.15184208750724792
brightness_0.60.jpg,0.05608675628900528
brightness_0.80.jpg,0.013026709668338299
brightness_1.00.jpg,0.0
