filename,lpips_score
brightness_0.00.jpg,0.970049262046814
brightness_0.20.jpg,0.5175544023513794
brightness_0.40.jpg,0.2630097270011902
brightness_0.60.jpg,0.1404280662536621
brightness_0.80.jpg,0.04735269770026207
brightness_1.00.jpg,0.0
