filename,lpips_score
brightness_0.00.jpg,0.9362720251083374
brightness_0.20.jpg,0.36386603116989136
brightness_0.40.jpg,0.1607736200094223
brightness_0.60.jpg,0.0670802965760231
brightness_0.80.jpg,0.018477480858564377
brightness_1.00.jpg,0.0
