filename,lpips_score
brightness_0.00.jpg,1.0314154624938965
brightness_0.20.jpg,0.36441731452941895
brightness_0.40.jpg,0.174162819981575
brightness_0.60.jpg,0.08251392096281052
brightness_0.80.jpg,0.023104630410671234
brightness_1.00.jpg,0.0
