filename,lpips_score
brightness_0.00.jpg,1.0011688470840454
brightness_0.20.jpg,0.3654724657535553
brightness_0.40.jpg,0.18762271106243134
brightness_0.60.jpg,0.09254179894924164
brightness_0.80.jpg,0.02462492138147354
brightness_1.00.jpg,0.0
