filename,lpips_score
brightness_0.00.jpg,0.8534609079360962
brightness_0.20.jpg,0.46110987663269043
brightness_0.40.jpg,0.20496021211147308
brightness_0.60.jpg,0.0803317278623581
brightness_0.80.jpg,0.01947493478655815
brightness_1.00.jpg,0.0
