filename,lpips_score
brightness_0.00.jpg,0.9840316772460938
brightness_0.20.jpg,0.4189421534538269
brightness_0.40.jpg,0.3173938989639282
brightness_0.60.jpg,0.1933833211660385
brightness_0.80.jpg,0.06034895405173302
brightness_1.00.jpg,0.0
