filename,lpips_score
brightness_0.00.jpg,0.9486225843429565
brightness_0.20.jpg,0.3473486006259918
brightness_0.40.jpg,0.1700000911951065
brightness_0.60.jpg,0.09158528596162796
brightness_0.80.jpg,0.033420246094465256
brightness_1.00.jpg,0.0
