filename,lpips_score
brightness_0.00.jpg,1.0252063274383545
brightness_0.20.jpg,0.47789713740348816
brightness_0.40.jpg,0.20572751760482788
brightness_0.60.jpg,0.09265168011188507
brightness_0.80.jpg,0.028313882648944855
brightness_1.00.jpg,0.0
