filename,lpips_score
brightness_0.00.jpg,0.9791501760482788
brightness_0.20.jpg,0.5019500255584717
brightness_0.40.jpg,0.2636548578739166
brightness_0.60.jpg,0.13274097442626953
brightness_0.80.jpg,0.04479634389281273
brightness_1.00.jpg,0.0
