filename,lpips_score
brightness_0.00.jpg,1.071055293083191
brightness_0.20.jpg,0.4626828730106354
brightness_0.40.jpg,0.18253549933433533
brightness_0.60.jpg,0.09108403325080872
brightness_0.80.jpg,0.02867881953716278
brightness_1.00.jpg,0.0
