filename,lpips_score
brightness_0.00.jpg,0.8660761117935181
brightness_0.20.jpg,0.31459954380989075
brightness_0.40.jpg,0.13829541206359863
brightness_0.60.jpg,0.054474443197250366
brightness_0.80.jpg,0.01253287773579359
brightness_1.00.jpg,0.0
