filename,lpips_score
brightness_0.00.jpg,0.9922915101051331
brightness_0.20.jpg,0.3715633153915405
brightness_0.40.jpg,0.16719019412994385
brightness_0.60.jpg,0.0730864554643631
brightness_0.80.jpg,0.019864117726683617
brightness_1.00.jpg,0.0
