filename,lpips_score
gaussian_std0.jpg,0.0
gaussian_std10.jpg,0.014751388691365719
gaussian_std15.jpg,0.03763238340616226
gaussian_std20.jpg,0.07318712770938873
gaussian_std25.jpg,0.09994524717330933
gaussian_std30.jpg,0.13387981057167053
gaussian_std35.jpg,0.16646461188793182
gaussian_std40.jpg,0.21554705500602722
gaussian_std45.jpg,0.25357770919799805
gaussian_std5.jpg,0.0026380177587270737
gaussian_std50.jpg,0.2843847870826721
