filename,lpips_score
gaussian_std0.jpg,0.0
gaussian_std10.jpg,0.022186554968357086
gaussian_std15.jpg,0.05157087370753288
gaussian_std20.jpg,0.0850152000784874
gaussian_std25.jpg,0.11775911599397659
gaussian_std30.jpg,0.15970048308372498
gaussian_std35.jpg,0.195484459400177
gaussian_std40.jpg,0.23224328458309174
gaussian_std45.jpg,0.27135956287384033
gaussian_std5.jpg,0.006073624826967716
gaussian_std50.jpg,0.3076717257499695
