filename,lpips_score
gaussian_std0.jpg,0.0
gaussian_std10.jpg,0.09303560853004456
gaussian_std15.jpg,0.17614436149597168
gaussian_std20.jpg,0.23806317150592804
gaussian_std25.jpg,0.31084609031677246
gaussian_std30.jpg,0.3631283640861511
gaussian_std35.jpg,0.42677727341651917
gaussian_std40.jpg,0.48448529839515686
gaussian_std45.jpg,0.5432344079017639
gaussian_std5.jpg,0.0205585565418005
gaussian_std50.jpg,0.580043375492096
