filename,lpips_score
gaussian_std0.jpg,0.0
gaussian_std10.jpg,0.01699862629175186
gaussian_std15.jpg,0.05060820281505585
gaussian_std20.jpg,0.08959969133138657
gaussian_std25.jpg,0.14356979727745056
gaussian_std30.jpg,0.2004413902759552
gaussian_std35.jpg,0.2594594359397888
gaussian_std40.jpg,0.3149639666080475
gaussian_std45.jpg,0.3666883707046509
gaussian_std5.jpg,0.003211348783224821
gaussian_std50.jpg,0.41880983114242554
