filename,lpips_score
gaussian_std0.jpg,0.0
gaussian_std10.jpg,0.0017774670850485563
gaussian_std15.jpg,0.003996830899268389
gaussian_std20.jpg,0.007306336425244808
gaussian_std25.jpg,0.012113460339605808
gaussian_std30.jpg,0.018999891355633736
gaussian_std35.jpg,0.030416999012231827
gaussian_std40.jpg,0.04000658541917801
gaussian_std45.jpg,0.053300078958272934
gaussian_std5.jpg,0.0005791480652987957
gaussian_std50.jpg,0.06678187102079391
