filename,lpips_score
gaussian_std0.jpg,0.0
gaussian_std10.jpg,0.003302967408671975
gaussian_std15.jpg,0.00774249155074358
gaussian_std20.jpg,0.013573753647506237
gaussian_std25.jpg,0.021394584327936172
gaussian_std30.jpg,0.03642142564058304
gaussian_std35.jpg,0.04947856813669205
gaussian_std40.jpg,0.06690455973148346
gaussian_std45.jpg,0.08357661962509155
gaussian_std5.jpg,0.0007619778625667095
gaussian_std50.jpg,0.09535050392150879
