filename,lpips_score
brightness_1.00.jpg,0.0
brightness_1.20.jpg,0.03279048204421997
brightness_1.40.jpg,0.16001030802726746
brightness_1.60.jpg,0.28225475549697876
brightness_1.80.jpg,0.3761017322540283
brightness_2.00.jpg,0.44022858142852783
