filename,lpips_score
brightness_1.00.jpg,0.0
brightness_1.20.jpg,0.014368567615747452
brightness_1.40.jpg,0.05706009268760681
brightness_1.60.jpg,0.10360594093799591
brightness_1.80.jpg,0.13993583619594574
brightness_2.00.jpg,0.17242813110351562
