filename,lpips_score
brightness_1.00.jpg,0.0
brightness_1.20.jpg,0.011929500848054886
brightness_1.40.jpg,0.03997277840971947
brightness_1.60.jpg,0.0755382627248764
brightness_1.80.jpg,0.11213093996047974
brightness_2.00.jpg,0.15070876479148865
