filename,lpips_score
brightness_1.00.jpg,0.0
brightness_1.20.jpg,0.040691886097192764
brightness_1.40.jpg,0.0637350082397461
brightness_1.60.jpg,0.08696216344833374
brightness_1.80.jpg,0.10713797062635422
brightness_2.00.jpg,0.1240873634815216
