filename,lpips_score
brightness_1.00.jpg,0.0
brightness_1.20.jpg,0.02748718485236168
brightness_1.40.jpg,0.0776120126247406
brightness_1.60.jpg,0.11602364480495453
brightness_1.80.jpg,0.14301232993602753
brightness_2.00.jpg,0.16685423254966736
