filename,lpips_score
brightness_1.00.jpg,0.0
brightness_1.20.jpg,0.026579400524497032
brightness_1.40.jpg,0.09758681803941727
brightness_1.60.jpg,0.1459016054868698
brightness_1.80.jpg,0.19566942751407623
brightness_2.00.jpg,0.2500012218952179
