filename,lpips_score
brightness_1.00.jpg,0.0
brightness_1.20.jpg,0.08662454783916473
brightness_1.40.jpg,0.2164328694343567
brightness_1.60.jpg,0.29587268829345703
brightness_1.80.jpg,0.35638555884361267
brightness_2.00.jpg,0.39880722761154175
