filename,lpips_score
brightness_1.00.jpg,0.0
brightness_1.20.jpg,0.03152957931160927
brightness_1.40.jpg,0.08890736103057861
brightness_1.60.jpg,0.14501816034317017
brightness_1.80.jpg,0.17973420023918152
brightness_2.00.jpg,0.20428268611431122
