filename,lpips_score
resize_scale0.10.jpg,0.4488376975059509
resize_scale0.20.jpg,0.2157595008611679
resize_scale0.30.jpg,0.1099090501666069
resize_scale0.40.jpg,0.06497345864772797
resize_scale0.50.jpg,0.031074222177267075
resize_scale0.60.jpg,0.025040172040462494
resize_scale0.70.jpg,0.015507612377405167
resize_scale0.80.jpg,0.010841576382517815
resize_scale0.90.jpg,0.008071373216807842
resize_scale1.00.jpg,0.0
