filename,lpips_score
resize_scale0.10.jpg,0.46782946586608887
resize_scale0.20.jpg,0.24965327978134155
resize_scale0.30.jpg,0.12485329061746597
resize_scale0.40.jpg,0.07456973940134048
resize_scale0.50.jpg,0.034003786742687225
resize_scale0.60.jpg,0.027920909225940704
resize_scale0.70.jpg,0.01785055175423622
resize_scale0.80.jpg,0.011980472132563591
resize_scale0.90.jpg,0.008354280143976212
resize_scale1.00.jpg,0.0
