filename,lpips_score
resize_scale0.10.jpg,0.37867170572280884
resize_scale0.20.jpg,0.17773675918579102
resize_scale0.30.jpg,0.08282463997602463
resize_scale0.40.jpg,0.045457616448402405
resize_scale0.50.jpg,0.019389353692531586
resize_scale0.60.jpg,0.013861453160643578
resize_scale0.70.jpg,0.00866928044706583
resize_scale0.80.jpg,0.005606361664831638
resize_scale0.90.jpg,0.004037182778120041
resize_scale1.00.jpg,0.0
