filename,lpips_score
resize_scale0.10.jpg,0.4531481862068176
resize_scale0.20.jpg,0.18528690934181213
resize_scale0.30.jpg,0.08284222334623337
resize_scale0.40.jpg,0.04505439102649689
resize_scale0.50.jpg,0.020494280382990837
resize_scale0.60.jpg,0.014309721067547798
resize_scale0.70.jpg,0.008948560804128647
resize_scale0.80.jpg,0.005901132710278034
resize_scale0.90.jpg,0.004392126575112343
resize_scale1.00.jpg,0.0
