filename,lpips_score
resize_scale0.10.jpg,0.5503578186035156
resize_scale0.20.jpg,0.32759928703308105
resize_scale0.30.jpg,0.19857913255691528
resize_scale0.40.jpg,0.13183945417404175
resize_scale0.50.jpg,0.061765942722558975
resize_scale0.60.jpg,0.04849466681480408
resize_scale0.70.jpg,0.031548697501420975
resize_scale0.80.jpg,0.02121540531516075
resize_scale0.90.jpg,0.014934904873371124
resize_scale1.00.jpg,0.0
