filename,lpips_score
resize_scale0.10.jpg,0.2634458839893341
resize_scale0.20.jpg,0.12482866644859314
resize_scale0.30.jpg,0.06980352103710175
resize_scale0.40.jpg,0.044821932911872864
resize_scale0.50.jpg,0.021738721057772636
resize_scale0.60.jpg,0.016727011650800705
resize_scale0.70.jpg,0.010760648176074028
resize_scale0.80.jpg,0.00707251438871026
resize_scale0.90.jpg,0.005456303711980581
resize_scale1.00.jpg,0.0
