filename,lpips_score
resize_scale0.10.jpg,0.3366754651069641
resize_scale0.20.jpg,0.15526530146598816
resize_scale0.30.jpg,0.06775350123643875
resize_scale0.40.jpg,0.03702960163354874
resize_scale0.50.jpg,0.0172519963234663
resize_scale0.60.jpg,0.012263285927474499
resize_scale0.70.jpg,0.007783242501318455
resize_scale0.80.jpg,0.0052309404127299786
resize_scale0.90.jpg,0.003743796143680811
resize_scale1.00.jpg,0.0
