filename,lpips_score
resize_scale0.10.jpg,0.2339724600315094
resize_scale0.20.jpg,0.0838630348443985
resize_scale0.30.jpg,0.04008904844522476
resize_scale0.40.jpg,0.02194051817059517
resize_scale0.50.jpg,0.010359972715377808
resize_scale0.60.jpg,0.0079491026699543
resize_scale0.70.jpg,0.005017471965402365
resize_scale0.80.jpg,0.00350626721046865
resize_scale0.90.jpg,0.0025590804871171713
resize_scale1.00.jpg,0.0
