filename,lpips_score
resize_scale0.10.jpg,0.311313271522522
resize_scale0.20.jpg,0.16444280743598938
resize_scale0.30.jpg,0.08913405984640121
resize_scale0.40.jpg,0.05448174476623535
resize_scale0.50.jpg,0.024961130693554878
resize_scale0.60.jpg,0.019253211095929146
resize_scale0.70.jpg,0.011941705830395222
resize_scale0.80.jpg,0.00786782056093216
resize_scale0.90.jpg,0.005953498650342226
resize_scale1.00.jpg,0.0
