filename,lpips_score
resize_scale0.10.jpg,0.21114963293075562
resize_scale0.20.jpg,0.08481034636497498
resize_scale0.30.jpg,0.0397581048309803
resize_scale0.40.jpg,0.021164894104003906
resize_scale0.50.jpg,0.009173784404993057
resize_scale0.60.jpg,0.006719739176332951
resize_scale0.70.jpg,0.004413363989442587
resize_scale0.80.jpg,0.002875707810744643
resize_scale0.90.jpg,0.0021538182627409697
resize_scale1.00.jpg,0.0
