filename,lpips_score
resize_scale0.10.jpg,0.4293273687362671
resize_scale0.20.jpg,0.21371904015541077
resize_scale0.30.jpg,0.12475413084030151
resize_scale0.40.jpg,0.0843556821346283
resize_scale0.50.jpg,0.041453178972005844
resize_scale0.60.jpg,0.03235563263297081
resize_scale0.70.jpg,0.019720258191227913
resize_scale0.80.jpg,0.013447272591292858
resize_scale0.90.jpg,0.009923342615365982
resize_scale1.00.jpg,0.0
