filename,lpips_score
brightness_0.20.jpg,0.3577844202518463
brightness_0.40.jpg,0.1570814996957779
brightness_0.60.jpg,0.07389704138040543
brightness_0.80.jpg,0.020708248019218445
brightness_1.00.jpg,0.0
