filename,lpips_score
brightness_0.20.jpg,0.43407759070396423
brightness_0.40.jpg,0.21790631115436554
brightness_0.60.jpg,0.09747172892093658
brightness_0.80.jpg,0.023989615961909294
brightness_1.00.jpg,0.0
