filename,lpips_score
brightness_0.20.jpg,0.3399808406829834
brightness_0.40.jpg,0.14804884791374207
brightness_0.60.jpg,0.05513477325439453
brightness_0.80.jpg,0.01212976686656475
brightness_1.00.jpg,0.0
