filename,lpips_score
brightness_0.20.jpg,0.5275530815124512
brightness_0.40.jpg,0.24027249217033386
brightness_0.60.jpg,0.11440493166446686
brightness_0.80.jpg,0.037197500467300415
brightness_1.00.jpg,0.0
