filename,lpips_score
brightness_0.20.jpg,0.3738322854042053
brightness_0.40.jpg,0.161920428276062
brightness_0.60.jpg,0.06955866515636444
brightness_0.80.jpg,0.0195072740316391
brightness_1.00.jpg,0.0
