filename,lpips_score
brightness_0.20.jpg,0.323036253452301
brightness_0.40.jpg,0.14846400916576385
brightness_0.60.jpg,0.07478805631399155
brightness_0.80.jpg,0.020540259778499603
brightness_1.00.jpg,0.0
