filename,lpips_score
brightness_0.20.jpg,0.38444241881370544
brightness_0.40.jpg,0.1955927163362503
brightness_0.60.jpg,0.09510594606399536
brightness_0.80.jpg,0.02479572407901287
brightness_1.00.jpg,0.0
