filename,lpips_score
brightness_0.20.jpg,0.46552327275276184
brightness_0.40.jpg,0.20803886651992798
brightness_0.60.jpg,0.08497554808855057
brightness_0.80.jpg,0.019418567419052124
brightness_1.00.jpg,0.0
