filename,lpips_score
brightness_0.20.jpg,0.4295857846736908
brightness_0.40.jpg,0.326612263917923
brightness_0.60.jpg,0.19372937083244324
brightness_0.80.jpg,0.05998824164271355
brightness_1.00.jpg,0.0
