filename,lpips_score
brightness_0.20.jpg,0.3527899980545044
brightness_0.40.jpg,0.18430742621421814
brightness_0.60.jpg,0.1003456637263298
brightness_0.80.jpg,0.035156141966581345
brightness_1.00.jpg,0.0
