filename,lpips_score
brightness_0.20.jpg,0.47768622636795044
brightness_0.40.jpg,0.22253233194351196
brightness_0.60.jpg,0.10195592045783997
brightness_0.80.jpg,0.033380284905433655
brightness_1.00.jpg,0.0
