filename,lpips_score
brightness_0.20.jpg,0.4739537537097931
brightness_0.40.jpg,0.2593803405761719
brightness_0.60.jpg,0.1311200112104416
brightness_0.80.jpg,0.04565345495939255
brightness_1.00.jpg,0.0
