filename,lpips_score
brightness_0.20.jpg,0.5396547317504883
brightness_0.40.jpg,0.21365872025489807
brightness_0.60.jpg,0.10719592869281769
brightness_0.80.jpg,0.033227164298295975
brightness_1.00.jpg,0.0
