filename,lpips_score
brightness_0.20.jpg,0.39428579807281494
brightness_0.40.jpg,0.170822873711586
brightness_0.60.jpg,0.07563949376344681
brightness_0.80.jpg,0.02113903872668743
brightness_1.00.jpg,0.0
