filename,lpips_score
brightness_0.20.jpg,0.32136404514312744
brightness_0.40.jpg,0.14725609123706818
brightness_0.60.jpg,0.06112013757228851
brightness_0.80.jpg,0.014084668830037117
brightness_1.00.jpg,0.0
