filename,lpips_score
overlay_alpha0.00.jpg,0.0
overlay_alpha0.10.jpg,0.02020437642931938
overlay_alpha0.20.jpg,0.06971647590398788
overlay_alpha0.30.jpg,0.12507465481758118
overlay_alpha0.40.jpg,0.19065894186496735
overlay_alpha0.50.jpg,0.26800939440727234
