filename,lpips_score
overlay_alpha0.00.jpg,0.0
overlay_alpha0.10.jpg,0.051900871098041534
overlay_alpha0.20.jpg,0.1998896449804306
overlay_alpha0.30.jpg,0.31196242570877075
overlay_alpha0.40.jpg,0.39720359444618225
overlay_alpha0.50.jpg,0.47956550121307373
