filename,lpips_score
overlay_alpha0.00.jpg,0.0
overlay_alpha0.10.jpg,0.05338088423013687
overlay_alpha0.20.jpg,0.12978476285934448
overlay_alpha0.30.jpg,0.200863778591156
overlay_alpha0.40.jpg,0.272188276052475
overlay_alpha0.50.jpg,0.34995874762535095
