filename,lpips_score
overlay_alpha0.00.jpg,0.0
overlay_alpha0.10.jpg,0.07231079041957855
overlay_alpha0.20.jpg,0.15616342425346375
overlay_alpha0.30.jpg,0.22309376299381256
overlay_alpha0.40.jpg,0.2958783507347107
overlay_alpha0.50.jpg,0.3765358626842499
