filename,lpips_score
overlay_alpha0.00.jpg,0.0
overlay_alpha0.10.jpg,0.038817815482616425
overlay_alpha0.20.jpg,0.10687262564897537
overlay_alpha0.30.jpg,0.1810399889945984
overlay_alpha0.40.jpg,0.2508120536804199
overlay_alpha0.50.jpg,0.3264831304550171
