filename,lpips_score
overlay_alpha0.00.jpg,0.0
overlay_alpha0.10.jpg,0.014926565811038017
overlay_alpha0.20.jpg,0.054776161909103394
overlay_alpha0.30.jpg,0.10938898473978043
overlay_alpha0.40.jpg,0.17601627111434937
overlay_alpha0.50.jpg,0.26007401943206787
