filename,lpips_score
overlay_alpha0.00.jpg,0.0
overlay_alpha0.10.jpg,0.010208436287939548
overlay_alpha0.20.jpg,0.04153788089752197
overlay_alpha0.30.jpg,0.0916619598865509
overlay_alpha0.40.jpg,0.1546514332294464
overlay_alpha0.50.jpg,0.23808135092258453
