filename,lpips_score
overlay_alpha0.00.jpg,0.0
overlay_alpha0.10.jpg,0.07367586344480515
overlay_alpha0.20.jpg,0.18012665212154388
overlay_alpha0.30.jpg,0.26506397128105164
overlay_alpha0.40.jpg,0.34659919142723083
overlay_alpha0.50.jpg,0.42833060026168823
