filename,lpips_score
overlay_alpha0.00.jpg,0.0
overlay_alpha0.10.jpg,0.038968004286289215
overlay_alpha0.20.jpg,0.08906480669975281
overlay_alpha0.30.jpg,0.12472368776798248
overlay_alpha0.40.jpg,0.1582927405834198
overlay_alpha0.50.jpg,0.2000400871038437
