filename,lpips_score
overlay_alpha0.00.jpg,0.0
overlay_alpha0.10.jpg,0.033617522567510605
overlay_alpha0.20.jpg,0.08785106241703033
overlay_alpha0.30.jpg,0.14646875858306885
overlay_alpha0.40.jpg,0.2137940227985382
overlay_alpha0.50.jpg,0.2791655957698822
