filename,lpips_score
overlay_alpha0.00.jpg,0.0
overlay_alpha0.10.jpg,0.032624199986457825
overlay_alpha0.20.jpg,0.09343770146369934
overlay_alpha0.30.jpg,0.1582331508398056
overlay_alpha0.40.jpg,0.22802254557609558
overlay_alpha0.50.jpg,0.31207501888275146
