filename,lpips_score
overlay_alpha0.00.jpg,0.0
overlay_alpha0.10.jpg,0.03040255606174469
overlay_alpha0.20.jpg,0.10761576145887375
overlay_alpha0.30.jpg,0.16516929864883423
overlay_alpha0.40.jpg,0.2215837836265564
overlay_alpha0.50.jpg,0.28214001655578613
