filename,lpips_score
overlay_alpha0.00.jpg,0.0
overlay_alpha0.10.jpg,0.041121479123830795
overlay_alpha0.20.jpg,0.12193337082862854
overlay_alpha0.30.jpg,0.19202940165996552
overlay_alpha0.40.jpg,0.26409977674484253
overlay_alpha0.50.jpg,0.3401971161365509
