filename,lpips_score
overlay_alpha0.00.jpg,0.0
overlay_alpha0.10.jpg,0.06413742899894714
overlay_alpha0.20.jpg,0.133132666349411
overlay_alpha0.30.jpg,0.19441011548042297
overlay_alpha0.40.jpg,0.252348929643631
overlay_alpha0.50.jpg,0.32014816999435425
