filename,lpips_score
overlay_alpha0.00.jpg,0.0
overlay_alpha0.10.jpg,0.01169334165751934
overlay_alpha0.20.jpg,0.045650165528059006
overlay_alpha0.30.jpg,0.09966711699962616
overlay_alpha0.40.jpg,0.16559046506881714
overlay_alpha0.50.jpg,0.24563200771808624
