filename,lpips_score
resize_scale0.10.jpg,0.45771801471710205
resize_scale0.20.jpg,0.2438976764678955
resize_scale0.30.jpg,0.1213175505399704
resize_scale0.40.jpg,0.07174809277057648
resize_scale0.50.jpg,0.03271741420030594
resize_scale0.60.jpg,0.027125433087348938
resize_scale0.70.jpg,0.017071828246116638
resize_scale0.80.jpg,0.011339327320456505
resize_scale0.90.jpg,0.008153713308274746
resize_scale1.00.jpg,0.0
