filename,lpips_score
resize_scale0.10.jpg,0.3781094253063202
resize_scale0.20.jpg,0.2190370261669159
resize_scale0.30.jpg,0.12690216302871704
resize_scale0.40.jpg,0.07953496277332306
resize_scale0.50.jpg,0.03714326024055481
resize_scale0.60.jpg,0.02895749732851982
resize_scale0.70.jpg,0.019817527383565903
resize_scale0.80.jpg,0.013143407180905342
resize_scale0.90.jpg,0.009477818384766579
resize_scale1.00.jpg,0.0
