filename,lpips_score
resize_scale0.10.jpg,0.37667080760002136
resize_scale0.20.jpg,0.1762363612651825
resize_scale0.30.jpg,0.08103387802839279
resize_scale0.40.jpg,0.04452328383922577
resize_scale0.50.jpg,0.019180601462721825
resize_scale0.60.jpg,0.013751843944191933
resize_scale0.70.jpg,0.008500619791448116
resize_scale0.80.jpg,0.005511946976184845
resize_scale0.90.jpg,0.004125249572098255
resize_scale1.00.jpg,0.0
