filename,lpips_score
resize_scale0.10.jpg,0.4545131027698517
resize_scale0.20.jpg,0.1854535937309265
resize_scale0.30.jpg,0.08315423130989075
resize_scale0.40.jpg,0.044948361814022064
resize_scale0.50.jpg,0.020345423370599747
resize_scale0.60.jpg,0.014113920740783215
resize_scale0.70.jpg,0.008645848371088505
resize_scale0.80.jpg,0.005819355137646198
resize_scale0.90.jpg,0.004395244177430868
resize_scale1.00.jpg,0.0
