filename,lpips_score
resize_scale0.10.jpg,0.5417639017105103
resize_scale0.20.jpg,0.2796933352947235
resize_scale0.30.jpg,0.16132882237434387
resize_scale0.40.jpg,0.1090787947177887
resize_scale0.50.jpg,0.05485361069440842
resize_scale0.60.jpg,0.04258940741419792
resize_scale0.70.jpg,0.02736380696296692
resize_scale0.80.jpg,0.018840737640857697
resize_scale0.90.jpg,0.013690119609236717
resize_scale1.00.jpg,0.0
