filename,lpips_score
resize_scale0.10.jpg,0.535415530204773
resize_scale0.20.jpg,0.31873977184295654
resize_scale0.30.jpg,0.19294559955596924
resize_scale0.40.jpg,0.1280335783958435
resize_scale0.50.jpg,0.05996073782444
resize_scale0.60.jpg,0.047679588198661804
resize_scale0.70.jpg,0.03095468319952488
resize_scale0.80.jpg,0.020963067188858986
resize_scale0.90.jpg,0.014668608084321022
resize_scale1.00.jpg,0.0
