filename,lpips_score
resize_scale0.10.jpg,0.2652246952056885
resize_scale0.20.jpg,0.1264955997467041
resize_scale0.30.jpg,0.07154576480388641
resize_scale0.40.jpg,0.04566507413983345
resize_scale0.50.jpg,0.021354641765356064
resize_scale0.60.jpg,0.0167823676019907
resize_scale0.70.jpg,0.010692557319998741
resize_scale0.80.jpg,0.006906063295900822
resize_scale0.90.jpg,0.005254094488918781
resize_scale1.00.jpg,0.0
