filename,lpips_score
resize_scale0.10.jpg,0.3373908996582031
resize_scale0.20.jpg,0.15374460816383362
resize_scale0.30.jpg,0.06779429316520691
resize_scale0.40.jpg,0.03793485090136528
resize_scale0.50.jpg,0.017493661493062973
resize_scale0.60.jpg,0.012661145068705082
resize_scale0.70.jpg,0.007953283376991749
resize_scale0.80.jpg,0.0053481836803257465
resize_scale0.90.jpg,0.0038467361591756344
resize_scale1.00.jpg,0.0
