filename,lpips_score
resize_scale0.10.jpg,0.23207621276378632
resize_scale0.20.jpg,0.08385267853736877
resize_scale0.30.jpg,0.0405149832367897
resize_scale0.40.jpg,0.02176639810204506
resize_scale0.50.jpg,0.010529064573347569
resize_scale0.60.jpg,0.008211410604417324
resize_scale0.70.jpg,0.005324634723365307
resize_scale0.80.jpg,0.0036447960883378983
resize_scale0.90.jpg,0.002647934015840292
resize_scale1.00.jpg,0.0
