filename,lpips_score
resize_scale0.10.jpg,0.295371413230896
resize_scale0.20.jpg,0.15623921155929565
resize_scale0.30.jpg,0.0853329598903656
resize_scale0.40.jpg,0.05286870896816254
resize_scale0.50.jpg,0.02447749301791191
resize_scale0.60.jpg,0.019180569797754288
resize_scale0.70.jpg,0.012168234214186668
resize_scale0.80.jpg,0.007998923771083355
resize_scale0.90.jpg,0.006041628774255514
resize_scale1.00.jpg,0.0
