filename,lpips_score
resize_scale0.10.jpg,0.4286329448223114
resize_scale0.20.jpg,0.21469061076641083
resize_scale0.30.jpg,0.12431825697422028
resize_scale0.40.jpg,0.08410364389419556
resize_scale0.50.jpg,0.04122411087155342
resize_scale0.60.jpg,0.032519735395908356
resize_scale0.70.jpg,0.020025504752993584
resize_scale0.80.jpg,0.013650509528815746
resize_scale0.90.jpg,0.009872780181467533
resize_scale1.00.jpg,0.0
