filename,lpips_score
resize_scale0.10.jpg,0.2025124728679657
resize_scale0.20.jpg,0.08362758159637451
resize_scale0.30.jpg,0.039158210158348083
resize_scale0.40.jpg,0.020568201318383217
resize_scale0.50.jpg,0.00925302691757679
resize_scale0.60.jpg,0.00660037063062191
resize_scale0.70.jpg,0.004257316701114178
resize_scale0.80.jpg,0.002843847032636404
resize_scale0.90.jpg,0.0020729275420308113
resize_scale1.00.jpg,0.0
