filename,lpips_score
jpeg_quality100.jpg,3.8350539398379624e-05
jpeg_quality50.jpg,0.0008686407818458974
jpeg_quality60.jpg,0.0012115489225834608
jpeg_quality70.jpg,0.00032634669332765043
jpeg_quality80.jpg,0.00011641498713288456
jpeg_quality90.jpg,5.780445644631982e-05
