filename,lpips_score
jpeg_quality100.jpg,4.8295463784597814e-05
jpeg_quality50.jpg,0.0005226113134995103
jpeg_quality60.jpg,0.000742008734960109
jpeg_quality70.jpg,0.000251209334237501
jpeg_quality80.jpg,0.00014545767044182867
jpeg_quality90.jpg,7.922397344373167e-05
