filename,lpips_score
jpeg_quality100.jpg,9.562517516314983e-05
jpeg_quality50.jpg,0.003489507595077157
jpeg_quality60.jpg,0.0014321411726996303
jpeg_quality70.jpg,0.00132934027351439
jpeg_quality80.jpg,0.00029517558868974447
jpeg_quality90.jpg,0.00013740567374043167
