filename,lpips_score
jpeg_quality100.jpg,3.642482988652773e-05
jpeg_quality50.jpg,0.0005727868992835283
jpeg_quality60.jpg,0.00039856130024418235
jpeg_quality70.jpg,0.0001652774662943557
jpeg_quality80.jpg,0.00012051086378050968
jpeg_quality90.jpg,6.43790335743688e-05
