filename,lpips_score
jpeg_quality100.jpg,1.294683988817269e-05
jpeg_quality50.jpg,9.14797346922569e-05
jpeg_quality60.jpg,8.553521183785051e-05
jpeg_quality70.jpg,5.083512587589212e-05
jpeg_quality80.jpg,5.226258508628234e-05
jpeg_quality90.jpg,2.3186556063592434e-05
