filename,lpips_score
jpeg_quality100.jpg,4.9903734179679304e-05
jpeg_quality50.jpg,0.00045477808453142643
jpeg_quality60.jpg,0.0006866232724860311
jpeg_quality70.jpg,0.00023077843070495874
jpeg_quality80.jpg,0.00017005683912429959
jpeg_quality90.jpg,7.342704338952899e-05
