filename,lpips_score
jpeg_quality100.jpg,1.0294761523255147e-05
jpeg_quality50.jpg,0.0006128668319433928
jpeg_quality60.jpg,0.0005410808371379972
jpeg_quality70.jpg,0.00012740769307129085
jpeg_quality80.jpg,8.800980867817998e-05
jpeg_quality90.jpg,3.9655165892327204e-05
