filename,lpips_score
jpeg_quality100.jpg,2.3684182451688685e-05
jpeg_quality50.jpg,0.0006641907384619117
jpeg_quality60.jpg,0.0006028119241818786
jpeg_quality70.jpg,0.00021715428738389164
jpeg_quality80.jpg,0.0001291864027734846
jpeg_quality90.jpg,4.948571586282924e-05
