filename,lpips_score
jpeg_quality100.jpg,4.633869684766978e-05
jpeg_quality50.jpg,0.001318708760663867
jpeg_quality60.jpg,0.0010526222176849842
jpeg_quality70.jpg,0.0004920045612379909
jpeg_quality80.jpg,0.00020826610852964222
jpeg_quality90.jpg,0.00010011275298893452
