filename,lpips_score
jpeg_quality100.jpg,3.337771340738982e-05
jpeg_quality50.jpg,0.0006048498908057809
jpeg_quality60.jpg,0.0009043373866006732
jpeg_quality70.jpg,0.0001897042675409466
jpeg_quality80.jpg,0.00018450149218551815
jpeg_quality90.jpg,6.234019383555278e-05
