filename,lpips_score
jpeg_quality100.jpg,3.6514615203486755e-05
jpeg_quality50.jpg,0.0009159600012935698
jpeg_quality60.jpg,0.001002709148451686
jpeg_quality70.jpg,0.0003854365204460919
jpeg_quality80.jpg,0.00019040795450564474
jpeg_quality90.jpg,6.365637818817049e-05
