filename,lpips_score
brightness_0.00.jpg,0.974008321762085
brightness_0.20.jpg,0.37075138092041016
brightness_0.40.jpg,0.16618545353412628
brightness_0.60.jpg,0.0748681128025055
brightness_0.80.jpg,0.021270090714097023
brightness_1.00.jpg,0.0
