filename,lpips_score
brightness_0.00.jpg,0.9382874965667725
brightness_0.20.jpg,0.4338635504245758
brightness_0.40.jpg,0.22464965283870697
brightness_0.60.jpg,0.09880434721708298
brightness_0.80.jpg,0.02548082172870636
brightness_1.00.jpg,0.0
