filename,lpips_score
brightness_0.00.jpg,0.8056304454803467
brightness_0.20.jpg,0.36278843879699707
brightness_0.40.jpg,0.15599440038204193
brightness_0.60.jpg,0.05866958573460579
brightness_0.80.jpg,0.013362686149775982
brightness_1.00.jpg,0.0
