filename,lpips_score
brightness_0.00.jpg,0.9753878712654114
brightness_0.20.jpg,0.5213404297828674
brightness_0.40.jpg,0.25709426403045654
brightness_0.60.jpg,0.1338311731815338
brightness_0.80.jpg,0.04663421958684921
brightness_1.00.jpg,0.0
