filename,lpips_score
brightness_0.00.jpg,0.9387884736061096
brightness_0.20.jpg,0.367343008518219
brightness_0.40.jpg,0.161728173494339
brightness_0.60.jpg,0.06819526106119156
brightness_0.80.jpg,0.0185418501496315
brightness_1.00.jpg,0.0
