filename,lpips_score
brightness_0.00.jpg,1.0328255891799927
brightness_0.20.jpg,0.3640437722206116
brightness_0.40.jpg,0.17264938354492188
brightness_0.60.jpg,0.08259499818086624
brightness_0.80.jpg,0.02295204997062683
brightness_1.00.jpg,0.0
