filename,lpips_score
brightness_0.00.jpg,1.001368761062622
brightness_0.20.jpg,0.36801445484161377
brightness_0.40.jpg,0.19029346108436584
brightness_0.60.jpg,0.09339147806167603
brightness_0.80.jpg,0.024607565253973007
brightness_1.00.jpg,0.0
