filename,lpips_score
brightness_0.00.jpg,0.8631823062896729
brightness_0.20.jpg,0.46707606315612793
brightness_0.40.jpg,0.20632413029670715
brightness_0.60.jpg,0.08211663365364075
brightness_0.80.jpg,0.01958560198545456
brightness_1.00.jpg,0.0
