filename,lpips_score
brightness_0.00.jpg,0.979918897151947
brightness_0.20.jpg,0.4197654128074646
brightness_0.40.jpg,0.3120023310184479
brightness_0.60.jpg,0.19002732634544373
brightness_0.80.jpg,0.06008170172572136
brightness_1.00.jpg,0.0
