filename,lpips_score
brightness_0.00.jpg,0.9483760595321655
brightness_0.20.jpg,0.34722423553466797
brightness_0.40.jpg,0.17014606297016144
brightness_0.60.jpg,0.09221348166465759
brightness_0.80.jpg,0.03248137608170509
brightness_1.00.jpg,0.0
