filename,lpips_score
brightness_0.00.jpg,1.021716594696045
brightness_0.20.jpg,0.482857882976532
brightness_0.40.jpg,0.2122826725244522
brightness_0.60.jpg,0.09473680704832077
brightness_0.80.jpg,0.029639234766364098
brightness_1.00.jpg,0.0
