filename,lpips_score
brightness_0.00.jpg,0.987504243850708
brightness_0.20.jpg,0.5031290054321289
brightness_0.40.jpg,0.26750120520591736
brightness_0.60.jpg,0.13953503966331482
brightness_0.80.jpg,0.050204742699861526
brightness_1.00.jpg,0.0
