filename,lpips_score
brightness_0.00.jpg,1.0695624351501465
brightness_0.20.jpg,0.4619362950325012
brightness_0.40.jpg,0.18672975897789001
brightness_0.60.jpg,0.09744296967983246
brightness_0.80.jpg,0.03176257014274597
brightness_1.00.jpg,0.0
