filename,lpips_score
brightness_0.00.jpg,0.9914701581001282
brightness_0.20.jpg,0.3739551603794098
brightness_0.40.jpg,0.1690133810043335
brightness_0.60.jpg,0.07449278235435486
brightness_0.80.jpg,0.020220069214701653
brightness_1.00.jpg,0.0
