filename,lpips_score
brightness_0.00.jpg,0.8665415048599243
brightness_0.20.jpg,0.31918764114379883
brightness_0.40.jpg,0.14353860914707184
brightness_0.60.jpg,0.05714937672019005
brightness_0.80.jpg,0.01327508594840765
brightness_1.00.jpg,0.0
