filename,lpips_score
brightness_0.00.jpg,0.9741386771202087
brightness_0.20.jpg,0.3687567114830017
brightness_0.40.jpg,0.1640779674053192
brightness_0.60.jpg,0.07409444451332092
brightness_0.80.jpg,0.021194547414779663
brightness_1.00.jpg,0.0
