filename,lpips_score
brightness_0.00.jpg,0.9389442801475525
brightness_0.20.jpg,0.4398620128631592
brightness_0.40.jpg,0.22684526443481445
brightness_0.60.jpg,0.10291694104671478
brightness_0.80.jpg,0.025921782478690147
brightness_1.00.jpg,0.0
