filename,lpips_score
brightness_0.00.jpg,0.8042808771133423
brightness_0.20.jpg,0.35760068893432617
brightness_0.40.jpg,0.1546296328306198
brightness_0.60.jpg,0.05673632025718689
brightness_0.80.jpg,0.012982710264623165
brightness_1.00.jpg,0.0
