filename,lpips_score
brightness_0.00.jpg,0.9748820066452026
brightness_0.20.jpg,0.517194926738739
brightness_0.40.jpg,0.25241509079933167
brightness_0.60.jpg,0.13272817432880402
brightness_0.80.jpg,0.04524462670087814
brightness_1.00.jpg,0.0
