filename,lpips_score
brightness_0.00.jpg,0.9389744400978088
brightness_0.20.jpg,0.3704216182231903
brightness_0.40.jpg,0.1634315848350525
brightness_0.60.jpg,0.06907123327255249
brightness_0.80.jpg,0.018573399633169174
brightness_1.00.jpg,0.0
