filename,lpips_score
brightness_0.00.jpg,1.0330028533935547
brightness_0.20.jpg,0.3656601309776306
brightness_0.40.jpg,0.17345155775547028
brightness_0.60.jpg,0.08273080736398697
brightness_0.80.jpg,0.023086657747626305
brightness_1.00.jpg,0.0
