filename,lpips_score
brightness_0.00.jpg,1.0013606548309326
brightness_0.20.jpg,0.36809778213500977
brightness_0.40.jpg,0.1896633505821228
brightness_0.60.jpg,0.09321174025535583
brightness_0.80.jpg,0.024541961029171944
brightness_1.00.jpg,0.0
