filename,lpips_score
brightness_0.00.jpg,0.8670215010643005
brightness_0.20.jpg,0.470240980386734
brightness_0.40.jpg,0.20628978312015533
brightness_0.60.jpg,0.08424551784992218
brightness_0.80.jpg,0.01949770376086235
brightness_1.00.jpg,0.0
