filename,lpips_score
brightness_0.00.jpg,0.986211895942688
brightness_0.20.jpg,0.42160823941230774
brightness_0.40.jpg,0.31582555174827576
brightness_0.60.jpg,0.18875113129615784
brightness_0.80.jpg,0.0582035593688488
brightness_1.00.jpg,0.0
