filename,lpips_score
brightness_0.00.jpg,0.9463787078857422
brightness_0.20.jpg,0.3451848030090332
brightness_0.40.jpg,0.16919268667697906
brightness_0.60.jpg,0.09133552014827728
brightness_0.80.jpg,0.03228534013032913
brightness_1.00.jpg,0.0
