filename,lpips_score
brightness_0.00.jpg,1.0245082378387451
brightness_0.20.jpg,0.4859122633934021
brightness_0.40.jpg,0.2132030576467514
brightness_0.60.jpg,0.09483569115400314
brightness_0.80.jpg,0.030190542340278625
brightness_1.00.jpg,0.0
