filename,lpips_score
brightness_0.00.jpg,0.9878197908401489
brightness_0.20.jpg,0.4999678134918213
brightness_0.40.jpg,0.26715120673179626
brightness_0.60.jpg,0.1351698338985443
brightness_0.80.jpg,0.045613858848810196
brightness_1.00.jpg,0.0
