filename,lpips_score
brightness_0.00.jpg,1.0690113306045532
brightness_0.20.jpg,0.45697271823883057
brightness_0.40.jpg,0.18273508548736572
brightness_0.60.jpg,0.09116807579994202
brightness_0.80.jpg,0.03004024177789688
brightness_1.00.jpg,0.0
