filename,lpips_score
brightness_0.00.jpg,0.8675702810287476
brightness_0.20.jpg,0.3164821267127991
brightness_0.40.jpg,0.13918733596801758
brightness_0.60.jpg,0.05506429821252823
brightness_0.80.jpg,0.012748876586556435
brightness_1.00.jpg,0.0
