filename,lpips_score
brightness_0.00.jpg,0.9913589954376221
brightness_0.20.jpg,0.3730005621910095
brightness_0.40.jpg,0.1685410737991333
brightness_0.60.jpg,0.07402640581130981
brightness_0.80.jpg,0.020194577053189278
brightness_1.00.jpg,0.0
